primary_label,filename,duration,clip_start_time
lblwar1,lblwar1/XC652398.ogg,50.28,20
blrwar1,blrwar1/XC659085.ogg,50.05,35
bkskit1,bkskit1/XC352493.ogg,165.381,25
comros,comros/XC204983.ogg,116.976,35
houcro1,houcro1/XC796825.ogg,91.392,10
houspa,houspa/XC698785.ogg,180.793,70
graher1,graher1/XC768404.ogg,487.288,65
houspa,houspa/XC480909.ogg,60.447,30
blhori1,blhori1/XC666144.ogg,80.509,30
mawthr1,mawthr1/XC523151.ogg,20.52,15
grewar3,grewar3/XC561035.ogg,59.904,0
hoopoe,hoopoe/XC727065.ogg,261.068,0
indpit1,indpit1/XC478480.ogg,5.93,5
litspi1,litspi1/XC29581.ogg,45.296,45
wemhar1,wemhar1/XC291096.ogg,100.937,65
laudov1,laudov1/XC405381.ogg,22.392,10
blrwar1,blrwar1/XC570489.ogg,290.736,285
litgre1,litgre1/XC486188.ogg,164.832,90
blrwar1,blrwar1/XC658147.ogg,603.872,520
rocpig,rocpig/XC796915.ogg,130.44,110
grecou1,grecou1/XC158458.ogg,172.643,55
whbwoo2,whbwoo2/XC378297.ogg,32.287,30
barswa,barswa/XC495726.ogg,16.536,10
blrwar1,blrwar1/XC770067.ogg,1432.059,350
gyhcaf1,gyhcaf1/XC744697.ogg,113.112,90
blrwar1,blrwar1/XC141038.ogg,455.976,175
purher1,purher1/XC733410.ogg,70.112,70
litegr,litegr/XC333910.ogg,71.471,5
commyn,commyn/XC519458.ogg,989.88,790
lblwar1,lblwar1/XC470536.ogg,76.896,45
lirplo,lirplo/XC550646.ogg,33.306,25
hoopoe,hoopoe/XC750097.ogg,25.56,10
houspa,houspa/XC243568.ogg,34.691,30
blrwar1,blrwar1/XC563337.ogg,2804.208,840
blrwar1,blrwar1/XC826779.ogg,889.678,110
putbab1,putbab1/XC161803.ogg,30.668,15
wemhar1,wemhar1/XC692053.ogg,42.336,25
cregos1,cregos1/XC840802.ogg,1019.507,780
bkwsti,bkwsti/XC558422.ogg,70.176,70
gybpri1,gybpri1/XC641510.ogg,42.136,40
hoopoe,hoopoe/XC855076.ogg,52.452,20
wemhar1,wemhar1/XC132157.ogg,84.82,80
commoo3,commoo3/XC624755.ogg,12.456,10
commyn,commyn/XC194940.ogg,13.688,10
categr,categr/XC485246.ogg,98.09,20
asbfly,asbfly/XC578909.ogg,19.464,0
litgre1,litgre1/XC449746.ogg,58.018,50
graher1,graher1/XC377397.ogg,448.758,325
brwowl1,brwowl1/XC409957.ogg,81.893,70
grewar3,grewar3/XC809436.ogg,390.264,355
lirplo,lirplo/XC523193.ogg,54.674,0
blrwar1,blrwar1/XC568493.ogg,998.452,175
bkwsti,bkwsti/XC310427.ogg,629.002,95
marsan,marsan/XC26661.ogg,72.777,15
categr,categr/XC838628.ogg,601.992,505
lirplo,lirplo/XC804754.ogg,251.424,55
barswa,barswa/XC317626.ogg,70.818,55
comros,comros/XC509370.ogg,77.27,45
asbfly,asbfly/XC309402.ogg,38.583,35
maghor2,maghor2/XC113461.ogg,129.75,110
commyn,commyn/XC579177.ogg,94.85,15
wemhar1,wemhar1/XC781890.ogg,98.371,45
zitcis1,zitcis1/XC572648.ogg,34.273,30
bcnher,bcnher/XC544765.ogg,83.76,60
woosan,woosan/XC378704.ogg,43.572,35
greegr,greegr/XC129041.ogg,72.673,25
grtdro1,grtdro1/XC240334.ogg,98.978,0
comtai1,comtai1/XC307406.ogg,20.193,20
categr,categr/XC713106.ogg,26.112,20
eaywag1,eaywag1/XC616907.ogg,48.5,25
grejun2,grejun2/XC776892.ogg,35.082,10
placuc3,placuc3/XC214136.ogg,106.848,30
grewar3,grewar3/XC185504.ogg,33.959,25
grnsan,grnsan/XC735365.ogg,24.607,10
comros,comros/XC135790.ogg,80.039,35
eucdov,eucdov/XC668870.ogg,1144.555,190
litgre1,litgre1/XC153870.ogg,31.112,15
rocpig,rocpig/XC777163.ogg,57.859,55
comkin1,comkin1/XC602783.ogg,57.768,30
blrwar1,blrwar1/XC419888.ogg,318.197,155
blrwar1,blrwar1/XC660157.ogg,1446.087,1440
junowl1,junowl1/XC683121.ogg,122.856,120
ingori1,ingori1/XC733450.ogg,68.78,60
bkwsti,bkwsti/XC310427.ogg,629.002,580
asbfly,asbfly/XC827640.ogg,76.49,45
emedov2,emedov2/XC826189.ogg,123.449,0
sttwoo1,sttwoo1/XC349693.ogg,69.384,35
rorpar,rorpar/XC375258.ogg,62.459,55
thbwar1,thbwar1/XC607434.ogg,16.144,5
greegr,greegr/XC650221.ogg,52.663,0
houspa,houspa/XC326674.ogg,871.34,105
comsan,comsan/XC648403.ogg,68.362,30
blhori1,blhori1/XC346182.ogg,46.344,0
brwowl1,brwowl1/XC436744.ogg,34.429,0
goflea1,goflea1/XC589995.ogg,61.896,0
commoo3,commoo3/XC829440.ogg,91.959,5
indrol2,indrol2/XC565947.ogg,28.786,25
categr,categr/XC838625.ogg,129.927,25
litgre1,litgre1/XC266563.ogg,10.083,5
cohcuc1,cohcuc1/XC424230.ogg,76.8,40
categr,categr/XC146066.ogg,42.292,20
blakit1,blakit1/XC493735.ogg,259.422,225
grtdro1,grtdro1/XC372567.ogg,103.008,25
blrwar1,blrwar1/XC345787.ogg,575.472,35
houspa,houspa/XC702424.ogg,42.744,40
comsan,comsan/XC822531.ogg,76.852,45
commyn,commyn/XC519458.ogg,989.88,680
houspa,houspa/XC326667.ogg,870.609,40
ingori1,ingori1/XC842316.ogg,214.321,0
purher1,purher1/XC686791.ogg,49.842,20
grtdro1,grtdro1/XC632042.ogg,89.626,10
comgre,comgre/XC621745.ogg,62.642,0
grnsan,grnsan/XC142902.ogg,46.68,10
bkwsti,bkwsti/XC690160.ogg,164.989,70
eurcoo,eurcoo/XC697400.ogg,60.048,10
whbbul2,whbbul2/XC453725.ogg,180.6,20
zitcis1,zitcis1/XC763758.ogg,13.035,10
rewlap1,rewlap1/XC483703.ogg,34.168,0
blrwar1,blrwar1/XC571560.ogg,1816.152,1615
houspa,houspa/XC786489.ogg,1381.903,845
eucdov,eucdov/XC820046.ogg,343.445,185
houspa,houspa/XC548484.ogg,127.896,65
grtdro1,grtdro1/XC528892.ogg,99.552,85
bcnher,bcnher/XC588334.ogg,5.333,5
grnsan,grnsan/XC587069.ogg,282.216,110
inbrob1,inbrob1/XC583991.ogg,210.864,85
brnshr,brnshr/XC844614.ogg,34.847,20
houspa,houspa/XC326655.ogg,868.859,780
rerswa1,rerswa1/XC243483.ogg,34.847,5
blhori1,blhori1/XC403967.ogg,35.736,35
plapri1,plapri1/XC834654.ogg,130.656,70
grnsan,grnsan/XC737052.ogg,56.528,10
whiter2,whiter2/XC265270.ogg,556.434,435
commyn,commyn/XC661228.ogg,248.736,220
rorpar,rorpar/XC506680.ogg,43.608,15
barswa,barswa/XC790601.ogg,100.272,75
lirplo,lirplo/XC234556.ogg,90.816,75
commoo3,commoo3/XC786606.ogg,26.622,20
whbwat1,whbwat1/XC124434.ogg,31.06,25
grewar3,grewar3/XC501074.ogg,232.128,220
labcro1,labcro1/XC790935.ogg,96.48,70
rorpar,rorpar/XC234984.ogg,85.864,70
commyn,commyn/XC548866.ogg,4486.536,3745
houspa,houspa/XC499109.ogg,57.264,35
lirplo,lirplo/XC838962.ogg,39.786,20
grnsan,grnsan/XC778291.ogg,37.656,10
commyn,commyn/XC546848.ogg,1086.696,975
grewar3,grewar3/XC735991.ogg,19.853,10
commyn,commyn/XC284831.ogg,57.443,30
gybpri1,gybpri1/XC363614.ogg,9.247,0
whiter2,whiter2/XC263342.ogg,7.656,5
commoo3,commoo3/XC818187.ogg,10.104,5
plaflo1,plaflo1/XC267491.ogg,16.344,5
grywag,grywag/XC470711.ogg,24.672,20
bcnher,bcnher/XC2797.ogg,15.464,5
spodov,spodov/XC783972.ogg,206.28,125
inbrob1,inbrob1/XC312346.ogg,171.311,140
hoopoe,hoopoe/XC308069.ogg,40.072,15
lirplo,lirplo/XC642220.ogg,17.972,10
eurcoo,eurcoo/XC540685.ogg,15.02,10
bkskit1,bkskit1/XC361614.ogg,241.345,240
blrwar1,blrwar1/XC826057.ogg,3866.016,2325
eucdov,eucdov/XC669824.ogg,10.292,0
redspu1,redspu1/XC668357.ogg,17.293,10
comkin1,comkin1/XC631106.ogg,221.736,65
spepic1,spepic1/XC23010.ogg,36.493,25
yebbul3,yebbul3/XC741610.ogg,107.64,65
comsan,comsan/XC527850.ogg,68.472,55
blrwar1,blrwar1/XC658147.ogg,603.872,355
comgre,comgre/XC720843.ogg,30.552,20
blrwar1,blrwar1/XC660158.ogg,1591.615,1445
gargan,gargan/XC786511.ogg,52.271,0
spoowl1,spoowl1/XC740456.ogg,18.744,5
grtdro1,grtdro1/XC654528.ogg,32.304,30
comgre,comgre/XC326586.ogg,29.1,10
commyn,commyn/XC585480.ogg,2124.624,30
grewar3,grewar3/XC181137.ogg,62.824,15
houspa,houspa/XC279680.ogg,41.691,15
aspswi1,aspswi1/XC362689.ogg,15.412,0
barswa,barswa/XC690497.ogg,12.408,10
labcro1,labcro1/XC684247.ogg,35.553,30
eurbla2,eurbla2/XC572926.ogg,50.077,50
rorpar,rorpar/XC845025.ogg,112.666,110
blrwar1,blrwar1/XC563337.ogg,2804.208,2580
lirplo,lirplo/XC585985.ogg,90.854,85
comros,comros/XC420491.ogg,162.72,160
bkwsti,bkwsti/XC756081.ogg,119.278,90
spodov,spodov/XC179204.ogg,48.3,40
gargan,gargan/XC643885.ogg,24.241,0
grywag,grywag/XC633118.ogg,31.556,10
brodro1,brodro1/XC125349.ogg,75.52,65
houspa,houspa/XC621251.ogg,132.231,120
rewbul,rewbul/XC784304.ogg,77.607,35
spodov,spodov/XC616498.ogg,70.056,50
comgre,comgre/XC796155.ogg,142.818,55
eurcoo,eurcoo/XC302632.ogg,565.76,200
commyn,commyn/XC519640.ogg,2630.352,2275
mawthr1,mawthr1/XC490497.ogg,45.349,10
grywag,grywag/XC511573.ogg,136.296,85
gyhcaf1,gyhcaf1/XC293430.ogg,10.057,5
blrwar1,blrwar1/XC826766.ogg,5964.225,5255
cohcuc1,cohcuc1/XC214007.ogg,78.336,75
stbkin1,stbkin1/XC636711.ogg,39.696,15
zitcis1,zitcis1/XC378563.ogg,23.484,0
emedov2,emedov2/XC537458.ogg,28.248,5
ashdro1,ashdro1/XC37741.ogg,62.354,10
blrwar1,blrwar1/XC770067.ogg,1432.059,1065
whbwoo2,whbwoo2/XC214023.ogg,155.832,75
grewar3,grewar3/XC349053.ogg,65.045,60
lobsun2,lobsun2/XC335661.ogg,212.61,145
rossta2,rossta2/XC417293.ogg,85.524,45
plapri1,plapri1/XC331900.ogg,13.608,5
commoo3,commoo3/XC785129.ogg,120.529,80
tilwar1,tilwar1/XC768864.ogg,22.248,20
hoopoe,hoopoe/XC570576.ogg,217.313,145
eurcoo,eurcoo/XC288601.ogg,20.402,5
commyn,commyn/XC841866.ogg,59.448,0
rocpig,rocpig/XC263182.ogg,24.398,5
thbwar1,thbwar1/XC478622.ogg,904.046,580
bkskit1,bkskit1/XC360649.ogg,33.881,0
grefla1,grefla1/XC252133.ogg,15.816,0
barswa,barswa/XC320267.ogg,131.082,45
bcnher,bcnher/XC714165.ogg,31.242,0
commyn,commyn/XC40087.ogg,166.766,150
goflea1,goflea1/XC209549.ogg,133.956,85
compea,compea/XC316933.ogg,9.864,0
brnshr,brnshr/XC823995.ogg,79.776,60
blrwar1,blrwar1/XC141038.ogg,455.976,300
barswa,barswa/XC134349.ogg,104.438,15
eucdov,eucdov/XC748534.ogg,18.18,15
grtdro1,grtdro1/XC401576.ogg,20.062,5
sbeowl1,sbeowl1/XC743554.ogg,75.258,40
barfly1,barfly1/XC856020.ogg,229.381,100
crseag1,crseag1/XC390340.ogg,94.563,65
lirplo,lirplo/XC797130.ogg,20.239,15
blrwar1,blrwar1/XC765804.ogg,1927.944,305
houspa,houspa/XC544308.ogg,42.867,25
zitcis1,zitcis1/XC341144.ogg,208.405,5
putbab1,putbab1/XC239891.ogg,45.192,40
litgre1,litgre1/XC717151.ogg,171.389,125
litspi1,litspi1/XC57248.ogg,19.644,10
rorpar,rorpar/XC246662.ogg,90.462,85
rerswa1,rerswa1/XC178394.ogg,10.657,10
grtdro1,grtdro1/XC576680.ogg,82.608,20
sbeowl1,sbeowl1/XC194754.ogg,38.916,25
blrwar1,blrwar1/XC181196.ogg,55.776,20
blakit1,blakit1/XC740481.ogg,568.007,465
blrwar1,blrwar1/XC181812.ogg,86.57,0
barswa,barswa/XC817803.ogg,810.031,750
grywag,grywag/XC186703.ogg,20.402,5
bcnher,bcnher/XC656877.ogg,24.864,15
commyn,commyn/XC519659.ogg,2169.678,1160
comior1,comior1/XC684106.ogg,23.232,0
grenig1,grenig1/XC520245.ogg,24.79,15
putbab1,putbab1/XC473457.ogg,71.758,10
plapri1,plapri1/XC596956.ogg,58.224,45
blrwar1,blrwar1/XC570489.ogg,290.736,35
grewar3,grewar3/XC246723.ogg,287.085,125
ruftre2,ruftre2/XC577951.ogg,16.248,0
eaywag1,eaywag1/XC645026.ogg,17.328,5
eucdov,eucdov/XC709678.ogg,32.627,10
blrwar1,blrwar1/XC826766.ogg,5964.225,1020
bkwsti,bkwsti/XC808277.ogg,23.12,15
grtdro1,grtdro1/XC684829.ogg,83.208,5
stbkin1,stbkin1/XC284715.ogg,110.232,20
eaywag1,eaywag1/XC811748.ogg,60.12,45
barswa,barswa/XC690501.ogg,27.376,0
comkin1,comkin1/XC845422.ogg,13.28,10
grywag,grywag/XC649558.ogg,81.449,0
bkskit1,bkskit1/XC433770.ogg,502.674,395
grehor1,grehor1/XC304554.ogg,44.352,20
blnmon1,blnmon1/XC843208.ogg,67.3,30
whtkin2,whtkin2/XC720544.ogg,107.075,0
bkwsti,bkwsti/XC185110.ogg,120.581,70
blrwar1,blrwar1/XC477197.ogg,631.248,40
rewbul,rewbul/XC784304.ogg,77.607,0
crseag1,crseag1/XC406115.ogg,62.232,45
asikoe2,asikoe2/XC194905.ogg,8.411,5
ashdro1,ashdro1/XC289070.ogg,68.136,35
comkin1,comkin1/XC465069.ogg,301.009,175
blrwar1,blrwar1/XC659273.ogg,288.072,275
blakit1,blakit1/XC330330.ogg,146.521,100
gyhcaf1,gyhcaf1/XC744697.ogg,113.112,75
rerswa1,rerswa1/XC837450.ogg,113.893,110
barfly1,barfly1/XC856020.ogg,229.381,185
comkin1,comkin1/XC496581.ogg,59.808,10
insbab1,insbab1/XC574338.ogg,30.067,10
brodro1,brodro1/XC504187.ogg,60.761,40
marsan,marsan/XC138804.ogg,5.407,0
commyn,commyn/XC203345.ogg,315.611,290
commyn,commyn/XC548866.ogg,4486.536,4255
blrwar1,blrwar1/XC826766.ogg,5964.225,4415
blnmon1,blnmon1/XC632675.ogg,17.763,10
blnmon1,blnmon1/XC691486.ogg,41.3,35
rorpar,rorpar/XC647602.ogg,10.58,0
grewar3,grewar3/XC686927.ogg,74.031,50
gybpri1,gybpri1/XC608343.ogg,51.931,40
crseag1,crseag1/XC826945.ogg,86.904,55
bkwsti,bkwsti/XC338800.ogg,526.367,305
woosan,woosan/XC664808.ogg,216.36,110
zitcis1,zitcis1/XC722428.ogg,20.64,0
wemhar1,wemhar1/XC189883.ogg,39.471,25
bladro1,bladro1/XC209203.ogg,72.647,60
heswoo1,heswoo1/XC206611.ogg,113.688,90
lirplo,lirplo/XC420653.ogg,58.619,35
purher1,purher1/XC640610.ogg,72.552,30
bcnher,bcnher/XC725825.ogg,37.276,0
litegr,litegr/XC333935.ogg,42.841,40
rocpig,rocpig/XC606455.ogg,4.536,0
labcro1,labcro1/XC116711.ogg,137.482,130
houspa,houspa/XC326659.ogg,871.68,405
comgre,comgre/XC699622.ogg,18.181,5
bkwsti,bkwsti/XC338800.ogg,526.367,200
blrwar1,blrwar1/XC661059.ogg,841.104,640
bkwsti,bkwsti/XC436192.ogg,21.216,20
grewar3,grewar3/XC560566.ogg,22.047,20
asikoe2,asikoe2/XC402084.ogg,7.001,0
rewlap1,rewlap1/XC74223.ogg,24.059,10
comros,comros/XC455897.ogg,46.512,35
eaywag1,eaywag1/XC746576.ogg,220.656,175
whtkin2,whtkin2/XC576692.ogg,27.24,25
bladro1,bladro1/XC596818.ogg,15.12,5
bkwsti,bkwsti/XC810394.ogg,167.0,75
comros,comros/XC185473.ogg,14.106,5
putbab1,putbab1/XC304965.ogg,51.331,15
commyn,commyn/XC519659.ogg,2169.678,435
brnhao1,brnhao1/XC469353.ogg,165.936,15
eurcoo,eurcoo/XC784639.ogg,21.89,5
mawthr1,mawthr1/XC523151.ogg,20.52,20
bkskit1,bkskit1/XC360637.ogg,127.086,55
bcnher,bcnher/XC263289.ogg,8.304,0
grbeat1,grbeat1/XC553489.ogg,3.422,0
comros,comros/XC318225.ogg,90.514,55
blrwar1,blrwar1/XC826057.ogg,3866.016,3550
commyn,commyn/XC519640.ogg,2630.352,2210
blrwar1,blrwar1/XC660156.ogg,1698.508,125
eaywag1,eaywag1/XC339499.ogg,13.558,5
inbrob1,inbrob1/XC214231.ogg,11.256,10
barswa,barswa/XC839553.ogg,122.184,70
inpher1,inpher1/XC116748.ogg,26.619,20
hoopoe,hoopoe/XC367872.ogg,148.114,60
houspa,houspa/XC703378.ogg,136.202,95
purher1,purher1/XC542558.ogg,34.533,15
blrwar1,blrwar1/XC807464.ogg,131.683,60
comgre,comgre/XC822664.ogg,29.608,25
eurcoo,eurcoo/XC302632.ogg,565.76,370
piebus1,piebus1/XC497084.ogg,54.596,50
hoopoe,hoopoe/XC318438.ogg,871.732,10
brnhao1,brnhao1/XC578764.ogg,159.634,65
wemhar1,wemhar1/XC377180.ogg,23.771,20
putbab1,putbab1/XC593998.ogg,58.279,35
eucdov,eucdov/XC303261.ogg,525.819,155
rocpig,rocpig/XC536371.ogg,19.656,0
eaywag1,eaywag1/XC417164.ogg,50.496,0
asikoe2,asikoe2/XC545738.ogg,144.624,20
comsan,comsan/XC422063.ogg,75.264,55
wynlau1,wynlau1/XC619722.ogg,71.053,15
comkin1,comkin1/XC820440.ogg,25.574,5
junowl1,junowl1/XC582539.ogg,70.06,5
bcnher,bcnher/XC642133.ogg,65.071,35
brwowl1,brwowl1/XC723722.ogg,85.752,75
thbwar1,thbwar1/XC266176.ogg,316.447,10
houspa,houspa/XC546206.ogg,36.96,0
hoopoe,hoopoe/XC729989.ogg,100.702,40
laudov1,laudov1/XC405371.ogg,56.592,10
houspa,houspa/XC326676.ogg,871.811,380
blrwar1,blrwar1/XC480512.ogg,72.986,55
eurcoo,eurcoo/XC310414.ogg,9.665,5
commyn,commyn/XC598051.ogg,73.482,15
comgre,comgre/XC434824.ogg,49.842,10
comros,comros/XC134729.ogg,37.016,5
blrwar1,blrwar1/XC247643.ogg,238.838,135
woosan,woosan/XC144919.ogg,27.912,25
comsan,comsan/XC569862.ogg,42.864,40
ruftre2,ruftre2/XC553212.ogg,22.779,0
purher1,purher1/XC826023.ogg,226.651,20
bcnher,bcnher/XC763192.ogg,122.256,80
litgre1,litgre1/XC718218.ogg,148.104,55
blrwar1,blrwar1/XC826043.ogg,2153.448,1790
blhori1,blhori1/XC412671.ogg,59.037,40
graher1,graher1/XC307238.ogg,51.84,20
blrwar1,blrwar1/XC808194.ogg,494.021,125
cohcuc1,cohcuc1/XC396087.ogg,621.264,515
eaywag1,eaywag1/XC481360.ogg,151.944,105
comkin1,comkin1/XC595517.ogg,188.238,145
houspa,houspa/XC736583.ogg,66.873,45
litgre1,litgre1/XC578474.ogg,28.577,20
kenplo1,kenplo1/XC808294.ogg,32.758,10
hoopoe,hoopoe/XC677453.ogg,24.084,20
commyn,commyn/XC519640.ogg,2630.352,465
brodro1,brodro1/XC214139.ogg,178.032,145
comtai1,comtai1/XC446621.ogg,56.085,50
spoowl1,spoowl1/XC469473.ogg,64.248,20
commyn,commyn/XC585480.ogg,2124.624,1800
gyhcaf1,gyhcaf1/XC786026.ogg,41.038,20
whiter2,whiter2/XC265268.ogg,634.593,435
labcro1,labcro1/XC464637.ogg,64.026,45
blnmon1,blnmon1/XC406867.ogg,84.336,35
laudov1,laudov1/XC511040.ogg,20.427,15
rewbul,rewbul/XC462813.ogg,40.08,25
grnwar1,grnwar1/XC163915.ogg,24.336,0
junmyn1,junmyn1/XC209051.ogg,15.386,15
houspa,houspa/XC642794.ogg,73.195,0
comros,comros/XC185706.ogg,77.688,25
blakit1,blakit1/XC330331.ogg,9.874,5
blrwar1,blrwar1/XC660158.ogg,1591.615,285
houspa,houspa/XC807213.ogg,852.035,585
eucdov,eucdov/XC410907.ogg,116.424,10
thbwar1,thbwar1/XC727519.ogg,250.512,35
graher1,graher1/XC362547.ogg,30.119,25
bkwsti,bkwsti/XC487848.ogg,90.48,50
comkin1,comkin1/XC313958.ogg,487.728,305
heswoo1,heswoo1/XC357149.ogg,100.127,20
hoopoe,hoopoe/XC617644.ogg,39.628,15
commyn,commyn/XC546848.ogg,1086.696,420
insowl1,insowl1/XC754675.ogg,50.155,35
gyhcaf1,gyhcaf1/XC388631.ogg,26.671,15
bwfshr1,bwfshr1/XC708011.ogg,17.607,15
gybpri1,gybpri1/XC665709.ogg,117.12,105
grewar3,grewar3/XC448206.ogg,22.151,5
barswa,barswa/XC640578.ogg,149.707,45
yebbul3,yebbul3/XC469480.ogg,31.008,15
blrwar1,blrwar1/XC826057.ogg,3866.016,3445
blrwar1,blrwar1/XC569062.ogg,180.384,125
grewar3,grewar3/XC375800.ogg,178.488,40
cohcuc1,cohcuc1/XC396087.ogg,621.264,130
litegr,litegr/XC839461.ogg,32.255,5
blrwar1,blrwar1/XC659078.ogg,36.179,30
hoopoe,hoopoe/XC560354.ogg,35.784,15
whtkin2,whtkin2/XC599158.ogg,31.776,15
indrol2,indrol2/XC362062.ogg,18.704,15
rorpar,rorpar/XC650130.ogg,750.168,735
comkin1,comkin1/XC686761.ogg,29.753,10
rocpig,rocpig/XC475650.ogg,17.215,0
junbab2,junbab2/XC404167.ogg,90.828,75
orihob2,orihob2/XC678427.ogg,16.008,0
rerswa1,rerswa1/XC390250.ogg,96.601,15
comgre,comgre/XC547944.ogg,17.58,15
grewar3,grewar3/XC185063.ogg,32.993,25
bkskit1,bkskit1/XC350260.ogg,7.549,5
whiter2,whiter2/XC580160.ogg,78.002,20
asbfly,asbfly/XC347938.ogg,33.646,5
grywag,grywag/XC421778.ogg,192.912,160
litspi1,litspi1/XC654426.ogg,49.763,0
comgre,comgre/XC664805.ogg,26.904,15
grtdro1,grtdro1/XC428613.ogg,43.624,0
blrwar1,blrwar1/XC492503.ogg,434.678,85
barswa,barswa/XC380526.ogg,141.27,45
eucdov,eucdov/XC657884.ogg,9.024,5
inbrob1,inbrob1/XC401204.ogg,81.241,60
blrwar1,blrwar1/XC568493.ogg,998.452,280
bkwsti,bkwsti/XC283847.ogg,11.18,0
blrwar1,blrwar1/XC826787.ogg,4670.642,1780
zitcis1,zitcis1/XC432674.ogg,16.039,15
litgre1,litgre1/XC540723.ogg,52.558,15
comgre,comgre/XC804943.ogg,515.256,455
brnshr,brnshr/XC115433.ogg,6.96,0
comros,comros/XC807051.ogg,316.314,95
houspa,houspa/XC642792.ogg,102.322,30
commoo3,commoo3/XC349223.ogg,824.895,360
thbwar1,thbwar1/XC266177.ogg,267.677,240
whbwat1,whbwat1/XC650149.ogg,161.064,40
zitcis1,zitcis1/XC633692.ogg,103.656,35
thbwar1,thbwar1/XC803371.ogg,67.284,40
spoowl1,spoowl1/XC572904.ogg,35.631,25
graher1,graher1/XC313107.ogg,718.42,275
hoopoe,hoopoe/XC570576.ogg,217.313,70
comsan,comsan/XC584609.ogg,599.902,435
hoopoe,hoopoe/XC785863.ogg,43.615,10
houspa,houspa/XC347366.ogg,177.768,40
comgre,comgre/XC190514.ogg,192.653,180
litspi1,litspi1/XC296441.ogg,129.48,110
comkin1,comkin1/XC691421.ogg,28.551,10
grecou1,grecou1/XC277459.ogg,48.797,10
zitcis1,zitcis1/XC561306.ogg,54.962,10
shikra1,shikra1/XC145288.ogg,76.272,40
crseag1,crseag1/XC150734.ogg,49.711,15
categr,categr/XC45473.ogg,7.314,0
blrwar1,blrwar1/XC113343.ogg,141.672,85
junowl1,junowl1/XC507441.ogg,147.12,75
rerswa1,rerswa1/XC701890.ogg,163.265,15
whtkin2,whtkin2/XC477294.ogg,30.093,0
blrwar1,blrwar1/XC564175.ogg,588.147,250
grecou1,grecou1/XC289199.ogg,40.229,40
commyn,commyn/XC318687.ogg,8.098,0
indrob1,indrob1/XC73391.ogg,156.134,5
labcro1,labcro1/XC42631.ogg,53.995,45
inbrob1,inbrob1/XC681624.ogg,22.23,0
blrwar1,blrwar1/XC652110.ogg,55.353,45
grewar3,grewar3/XC684274.ogg,44.487,0
zitcis1,zitcis1/XC633271.ogg,52.976,15
btbeat1,btbeat1/XC665307.ogg,61.205,15
barswa,barswa/XC566676.ogg,11.616,10
grnwar1,grnwar1/XC567044.ogg,58.848,10
comgre,comgre/XC674487.ogg,70.844,65
comgre,comgre/XC190514.ogg,192.653,190
asbfly,asbfly/XC827640.ogg,76.49,65
rorpar,rorpar/XC656950.ogg,52.656,40
grewar3,grewar3/XC183688.ogg,35.291,5
whbwag1,whbwag1/XC787058.ogg,10.631,10
commoo3,commoo3/XC509416.ogg,26.07,5
grywag,grywag/XC482992.ogg,114.984,40
comtai1,comtai1/XC293542.ogg,10.266,0
blhori1,blhori1/XC417255.ogg,14.759,0
insbab1,insbab1/XC202648.ogg,103.105,20
rorpar,rorpar/XC784680.ogg,54.596,45
pursun3,pursun3/XC698980.ogg,13.944,10
inbrob1,inbrob1/XC583991.ogg,210.864,120
blrwar1,blrwar1/XC572385.ogg,2245.272,870
houspa,houspa/XC167597.ogg,116.715,20
woosan,woosan/XC647847.ogg,11.702,5
rocpig,rocpig/XC500496.ogg,20.376,5
commoo3,commoo3/XC552008.ogg,42.475,35
grecou1,grecou1/XC453348.ogg,148.114,100
oripip1,oripip1/XC468470.ogg,82.536,0
blrwar1,blrwar1/XC347280.ogg,44.513,5
rewlap1,rewlap1/XC665480.ogg,109.714,5
eucdov,eucdov/XC234418.ogg,170.88,155
bcnher,bcnher/XC798556.ogg,99.048,5
graher1,graher1/XC73272.ogg,18.338,15
blrwar1,blrwar1/XC656128.ogg,136.56,50
thbwar1,thbwar1/XC117085.ogg,17.11,0
zitcis1,zitcis1/XC768494.ogg,46.656,20
blrwar1,blrwar1/XC569385.ogg,1144.944,1070
grejun2,grejun2/XC603116.ogg,110.42,5
blrwar1,blrwar1/XC659665.ogg,120.869,0
zitcis1,zitcis1/XC341142.ogg,494.785,390
blrwar1,blrwar1/XC650323.ogg,158.976,105
barswa,barswa/XC457818.ogg,35.712,5
woosan,woosan/XC476067.ogg,40.568,40
inbrob1,inbrob1/XC594291.ogg,29.184,0
eucdov,eucdov/XC668870.ogg,1144.555,985
houspa,houspa/XC729378.ogg,17.568,5
forwag1,forwag1/XC473791.ogg,41.088,10
grejun2,grejun2/XC574318.ogg,70.008,25
blakit1,blakit1/XC579213.ogg,13.344,5
brcful1,brcful1/XC214140.ogg,181.992,55
grbeat1,grbeat1/XC291823.ogg,30.171,15
brcful1,brcful1/XC789886.ogg,47.7,35
houspa,houspa/XC282280.ogg,392.908,15
asikoe2,asikoe2/XC665229.ogg,22.778,15
sqtbul1,sqtbul1/XC296417.ogg,9.744,5
lirplo,lirplo/XC804198.ogg,26.784,15
graher1,graher1/XC418735.ogg,627.069,60
woosan,woosan/XC431564.ogg,64.705,55
eurcoo,eurcoo/XC783057.ogg,143.984,45
houspa,houspa/XC175621.ogg,119.431,65
rerswa1,rerswa1/XC423906.ogg,34.377,10
rorpar,rorpar/XC604484.ogg,145.056,45
woosan,woosan/XC184466.ogg,65.384,15
sohmyn1,sohmyn1/XC499660.ogg,100.859,0
blhori1,blhori1/XC197599.ogg,74.904,35
blrwar1,blrwar1/XC655525.ogg,203.064,170
blrwar1,blrwar1/XC571560.ogg,1816.152,1000
rerswa1,rerswa1/XC423973.ogg,6.4,0
comros,comros/XC790081.ogg,89.712,15
cohcuc1,cohcuc1/XC396087.ogg,621.264,35
houspa,houspa/XC635443.ogg,168.097,165
indpit1,indpit1/XC343023.ogg,31.608,15
rewbul,rewbul/XC337658.ogg,51.72,15
comgre,comgre/XC724880.ogg,25.338,15
hoopoe,hoopoe/XC617643.ogg,35.109,25
graher1,graher1/XC726331.ogg,126.72,30
litgre1,litgre1/XC472527.ogg,35.186,20
wemhar1,wemhar1/XC291096.ogg,100.937,20
commyn,commyn/XC661228.ogg,248.736,70
comior1,comior1/XC671897.ogg,41.43,10
woosan,woosan/XC749410.ogg,61.936,5
wemhar1,wemhar1/XC696873.ogg,50.599,0
woosan,woosan/XC664809.ogg,183.432,125
eucdov,eucdov/XC279586.ogg,120.168,105
eucdov,eucdov/XC777782.ogg,69.09,65
houcro1,houcro1/XC777634.ogg,14.864,5
hoopoe,hoopoe/XC751138.ogg,160.862,105
eurcoo,eurcoo/XC739146.ogg,26.04,5
comsan,comsan/XC755976.ogg,28.082,10
commoo3,commoo3/XC586136.ogg,51.879,15
commyn,commyn/XC520058.ogg,1370.906,375
comgre,comgre/XC383978.ogg,109.505,25
greegr,greegr/XC669141.ogg,14.952,5
hoopoe,hoopoe/XC325178.ogg,77.112,40
categr,categr/XC485246.ogg,98.09,0
bkwsti,bkwsti/XC564082.ogg,13.296,5
grnsan,grnsan/XC488380.ogg,167.889,20
graher1,graher1/XC261370.ogg,352.366,60
rerswa1,rerswa1/XC423982.ogg,21.29,0
purher1,purher1/XC412510.ogg,179.278,45
whrmun,whrmun/XC711674.ogg,15.984,15
litswi1,litswi1/XC253696.ogg,619.363,190
graher1,graher1/XC788486.ogg,59.576,20
rewlap1,rewlap1/XC572651.ogg,36.96,20
commyn,commyn/XC519762.ogg,439.719,270
blrwar1,blrwar1/XC581983.ogg,245.76,240
comtai1,comtai1/XC542379.ogg,19.722,0
mawthr1,mawthr1/XC490498.ogg,55.301,50
bcnher,bcnher/XC601227.ogg,56.999,15
greegr,greegr/XC161279.ogg,230.544,100
comkin1,comkin1/XC761561.ogg,51.825,30
yebbab1,yebbab1/XC19927.ogg,21.002,15
brwowl1,brwowl1/XC637206.ogg,405.264,375
commoo3,commoo3/XC729080.ogg,319.344,185
whiter2,whiter2/XC480119.ogg,197.496,105
grnwar1,grnwar1/XC561185.ogg,53.656,25
graher1,graher1/XC707306.ogg,63.432,50
brwjac1,brwjac1/XC247318.ogg,5.407,0
grewar3,grewar3/XC576341.ogg,79.848,65
comkin1,comkin1/XC313958.ogg,487.728,165
rocpig,rocpig/XC462611.ogg,38.949,15
litgre1,litgre1/XC570920.ogg,39.576,20
comros,comros/XC651275.ogg,23.484,20
lirplo,lirplo/XC130823.ogg,166.06,140
eurcoo,eurcoo/XC684549.ogg,19.944,15
revbul,revbul/XC671492.ogg,16.196,10
graher1,graher1/XC496723.ogg,274.808,260
blrwar1,blrwar1/XC825876.ogg,1706.788,150
blrwar1,blrwar1/XC731602.ogg,311.832,205
plapri1,plapri1/XC607213.ogg,14.04,0
rorpar,rorpar/XC167779.ogg,143.438,90
purswa3,purswa3/XC667376.ogg,56.088,40
ingori1,ingori1/XC183995.ogg,73.535,70
blrwar1,blrwar1/XC422335.ogg,739.709,455
greegr,greegr/XC705413.ogg,59.256,30
gyhcaf1,gyhcaf1/XC293598.ogg,358.635,45
blakit1,blakit1/XC493737.ogg,99.736,95
lblwar1,lblwar1/XC420968.ogg,70.632,40
barswa,barswa/XC177243.ogg,68.856,15
comgre,comgre/XC64628.ogg,41.091,25
grtdro1,grtdro1/XC150640.ogg,105.718,55
blrwar1,blrwar1/XC481144.ogg,60.096,10
grywag,grywag/XC588720.ogg,15.282,10
rewbul,rewbul/XC268364.ogg,137.535,0
piebus1,piebus1/XC471613.ogg,31.268,0
houspa,houspa/XC457157.ogg,40.608,15
ruftre2,ruftre2/XC122847.ogg,25.678,15
woosan,woosan/XC145348.ogg,136.934,75
gybpri1,gybpri1/XC260257.ogg,16.327,5
graher1,graher1/XC124689.ogg,29.448,20
ashdro1,ashdro1/XC239744.ogg,12.852,0
grywag,grywag/XC369991.ogg,117.708,5
bcnher,bcnher/XC720542.ogg,38.373,5
barswa,barswa/XC690503.ogg,118.491,50
labcro1,labcro1/XC803820.ogg,329.208,320
blrwar1,blrwar1/XC656260.ogg,95.328,60
barswa,barswa/XC418145.ogg,81.685,70
barswa,barswa/XC446455.ogg,117.12,40
asikoe2,asikoe2/XC812732.ogg,53.712,0
grtdro1,grtdro1/XC776598.ogg,25.488,10
sohmyn1,sohmyn1/XC744700.ogg,36.216,0
comior1,comior1/XC793206.ogg,90.72,80
bkskit1,bkskit1/XC353816.ogg,189.388,115
putbab1,putbab1/XC365839.ogg,45.427,40
commyn,commyn/XC585480.ogg,2124.624,1785
lirplo,lirplo/XC814605.ogg,57.482,5
houspa,houspa/XC139770.ogg,221.858,15
grnsan,grnsan/XC368995.ogg,105.874,10
bkwsti,bkwsti/XC310429.ogg,221.832,185
comgre,comgre/XC742913.ogg,63.624,30
grnwar1,grnwar1/XC482685.ogg,117.891,100
barswa,barswa/XC337985.ogg,235.651,100
laudov1,laudov1/XC198588.ogg,56.372,45
commyn,commyn/XC203346.ogg,216.085,5
grewar3,grewar3/XC806047.ogg,1955.52,270
eurcoo,eurcoo/XC557901.ogg,8.698,5
comkin1,comkin1/XC265783.ogg,79.128,70
litgre1,litgre1/XC668971.ogg,12.957,0
barswa,barswa/XC820043.ogg,108.186,30
blrwar1,blrwar1/XC564086.ogg,123.552,15
eucdov,eucdov/XC345877.ogg,6.192,0
litgre1,litgre1/XC776086.ogg,10.971,0
oripip1,oripip1/XC151306.ogg,76.278,15
brcful1,brcful1/XC197746.ogg,82.584,60
blakit1,blakit1/XC192707.ogg,53.748,15
wemhar1,wemhar1/XC709827.ogg,145.704,145
whbwat1,whbwat1/XC712733.ogg,26.184,10
cohcuc1,cohcuc1/XC407431.ogg,125.952,115
comros,comros/XC248131.ogg,101.799,60
litegr,litegr/XC720154.ogg,15.744,15
comior1,comior1/XC775656.ogg,61.032,50
zitcis1,zitcis1/XC797511.ogg,86.72,15
shikra1,shikra1/XC523463.ogg,65.201,25
bkwsti,bkwsti/XC496444.ogg,7.367,0
sohmyn1,sohmyn1/XC192896.ogg,45.9,35
blrwar1,blrwar1/XC660157.ogg,1446.087,850
spodov,spodov/XC519900.ogg,79.882,10
wemhar1,wemhar1/XC262846.ogg,195.892,110
comgre,comgre/XC801580.ogg,5.616,5
houspa,houspa/XC288403.ogg,146.024,35
grewar3,grewar3/XC567553.ogg,306.624,245
graher1,graher1/XC526931.ogg,46.498,30
rocpig,rocpig/XC453907.ogg,202.392,135
litspi1,litspi1/XC29580.ogg,16.927,15
hoopoe,hoopoe/XC823512.ogg,55.876,35
blrwar1,blrwar1/XC826787.ogg,4670.642,190
comkin1,comkin1/XC265783.ogg,79.128,10
yebbul3,yebbul3/XC387132.ogg,17.816,5
blrwar1,blrwar1/XC660157.ogg,1446.087,640
blrwar1,blrwar1/XC765804.ogg,1927.944,1715
indpit1,indpit1/XC453369.ogg,105.926,80
litegr,litegr/XC569463.ogg,22.308,0
graher1,graher1/XC48828.ogg,112.222,35
moipig1,moipig1/XC210497.ogg,65.071,0
barswa,barswa/XC667954.ogg,35.082,15
purher1,purher1/XC572834.ogg,73.273,60
bcnher,bcnher/XC429315.ogg,57.528,35
lblwar1,lblwar1/XC411576.ogg,32.235,10
categr,categr/XC713110.ogg,80.736,70
insbab1,insbab1/XC636403.ogg,61.518,35
blrwar1,blrwar1/XC247643.ogg,238.838,225
zitcis1,zitcis1/XC372504.ogg,20.689,15
whtkin2,whtkin2/XC308560.ogg,43.938,20
commyn,commyn/XC521179.ogg,1757.544,485
grtdro1,grtdro1/XC490550.ogg,15.768,10
hoopoe,hoopoe/XC716753.ogg,333.048,125
houspa,houspa/XC326991.ogg,871.811,350
thbwar1,thbwar1/XC803371.ogg,67.284,5
heswoo1,heswoo1/XC400759.ogg,90.671,20
lewduc1,lewduc1/XC693226.ogg,9.561,5
putbab1,putbab1/XC465684.ogg,125.832,45
crseag1,crseag1/XC19652.ogg,23.432,0
woosan,woosan/XC829104.ogg,47.214,10
categr,categr/XC298147.ogg,58.384,30
blnmon1,blnmon1/XC632296.ogg,67.056,10
grnwar1,grnwar1/XC482688.ogg,85.238,85
barswa,barswa/XC256543.ogg,74.005,20
bkwsti,bkwsti/XC546368.ogg,32.235,25
spepic1,spepic1/XC460097.ogg,359.976,345
houspa,houspa/XC818676.ogg,76.382,5
comgre,comgre/XC829449.ogg,15.304,0
bcnher,bcnher/XC428433.ogg,6.896,5
rewbul,rewbul/XC204236.ogg,49.215,5
comsan,comsan/XC830235.ogg,21.966,5
crseag1,crseag1/XC616811.ogg,135.264,75
commoo3,commoo3/XC808519.ogg,38.659,0
comgre,comgre/XC310520.ogg,33.071,0
eaywag1,eaywag1/XC765236.ogg,10.584,5
comior1,comior1/XC174985.ogg,19.984,0
litegr,litegr/XC807314.ogg,7.009,5
gyhcaf1,gyhcaf1/XC683286.ogg,13.009,0
brodro1,brodro1/XC569936.ogg,35.735,10
houspa,houspa/XC790998.ogg,2113.358,725
blakit1,blakit1/XC378208.ogg,20.715,15
rorpar,rorpar/XC161047.ogg,14.446,5
gyhcaf1,gyhcaf1/XC612681.ogg,49.058,5
houspa,houspa/XC679108.ogg,16.848,5
comgre,comgre/XC672472.ogg,77.304,5
blnmon1,blnmon1/XC507433.ogg,17.4,15
goflea1,goflea1/XC755736.ogg,61.0,35
rewlap1,rewlap1/XC381368.ogg,21.168,15
zitcis1,zitcis1/XC179033.ogg,13.975,5
houspa,houspa/XC459146.ogg,49.92,40
commyn,commyn/XC521179.ogg,1757.544,1475
comtai1,comtai1/XC723910.ogg,42.984,15
houspa,houspa/XC569867.ogg,36.72,15
bkwsti,bkwsti/XC782685.ogg,60.216,15
gryfra,gryfra/XC405322.ogg,40.776,20
eaywag1,eaywag1/XC471744.ogg,17.816,15
litgre1,litgre1/XC567744.ogg,107.363,35
graher1,graher1/XC418735.ogg,627.069,540
lobsun2,lobsun2/XC340975.ogg,42.057,0
brnhao1,brnhao1/XC214645.ogg,49.502,20
eaywag1,eaywag1/XC587640.ogg,9.0,0
houcro1,houcro1/XC596425.ogg,17.112,15
blrwar1,blrwar1/XC343189.ogg,923.638,520
hoopoe,hoopoe/XC312066.ogg,103.001,80
categr,categr/XC463749.ogg,23.641,5
bwfshr1,bwfshr1/XC19572.ogg,12.957,0
comros,comros/XC415119.ogg,48.528,40
grtdro1,grtdro1/XC528891.ogg,31.086,10
tibfly3,tibfly3/XC519466.ogg,147.936,35
comtai1,comtai1/XC163906.ogg,36.672,25
houspa,houspa/XC326675.ogg,871.34,670
zitcis1,zitcis1/XC175399.ogg,26.566,20
litgre1,litgre1/XC709778.ogg,134.784,45
whrmun,whrmun/XC776543.ogg,11.04,0
goflea1,goflea1/XC608665.ogg,35.787,10
grewar3,grewar3/XC420086.ogg,21.995,10
brodro1,brodro1/XC267364.ogg,26.64,0
putbab1,putbab1/XC291079.ogg,302.028,90
blrwar1,blrwar1/XC199300.ogg,180.715,115
ashdro1,ashdro1/XC329164.ogg,89.76,50
revbul,revbul/XC223624.ogg,44.904,0
blrwar1,blrwar1/XC660157.ogg,1446.087,635
whiter2,whiter2/XC265269.ogg,715.964,95
grywag,grywag/XC564937.ogg,103.872,35
houspa,houspa/XC581789.ogg,18.964,0
blrwar1,blrwar1/XC770067.ogg,1432.059,215
rewlap1,rewlap1/XC379632.ogg,110.89,45
blrwar1,blrwar1/XC660157.ogg,1446.087,1275
eucdov,eucdov/XC743744.ogg,233.136,155
whiter2,whiter2/XC446358.ogg,32.235,25
wemhar1,wemhar1/XC333372.ogg,60.944,0
asikoe2,asikoe2/XC779024.ogg,8.698,0
houspa,houspa/XC175621.ogg,119.431,10
indpit1,indpit1/XC141329.ogg,64.235,50
insbab1,insbab1/XC796962.ogg,50.472,45
cohcuc1,cohcuc1/XC331243.ogg,451.422,295
brwowl1,brwowl1/XC768381.ogg,2.496,0
commyn,commyn/XC519659.ogg,2169.678,1090
comfla1,comfla1/XC19643.ogg,18.704,5
whbsho3,whbsho3/XC856478.ogg,300.042,180
rewlap1,rewlap1/XC590070.ogg,44.904,25
commyn,commyn/XC548866.ogg,4486.536,85
whiter2,whiter2/XC545262.ogg,34.032,10
comros,comros/XC659628.ogg,31.848,30
grywag,grywag/XC575901.ogg,12.982,10
stbkin1,stbkin1/XC681280.ogg,25.887,25
hoopoe,hoopoe/XC625440.ogg,574.968,120
barswa,barswa/XC760840.ogg,73.116,35
houspa,houspa/XC315539.ogg,26.184,10
comtai1,comtai1/XC857371.ogg,74.0,20
whiter2,whiter2/XC265269.ogg,715.964,460
comtai1,comtai1/XC623017.ogg,25.13,25
eaywag1,eaywag1/XC481363.ogg,141.696,65
bcnher,bcnher/XC550741.ogg,135.131,80
rewbul,rewbul/XC379640.ogg,214.7,0
bkskit1,bkskit1/XC433771.ogg,434.913,190
shikra1,shikra1/XC209200.ogg,10.005,5
litgre1,litgre1/XC637542.ogg,107.023,75
rossta2,rossta2/XC652557.ogg,25.464,25
rorpar,rorpar/XC541889.ogg,16.416,15
ashpri1,ashpri1/XC665294.ogg,53.656,10
revbul,revbul/XC573353.ogg,57.208,35
kenplo1,kenplo1/XC785271.ogg,9.979,5
lirplo,lirplo/XC809519.ogg,104.635,20
blrwar1,blrwar1/XC420683.ogg,61.248,55
rewbul,rewbul/XC724558.ogg,13.656,0
blrwar1,blrwar1/XC826779.ogg,889.678,730
blrwar1,blrwar1/XC712873.ogg,655.824,655
grecou1,grecou1/XC152924.ogg,75.672,5
comros,comros/XC560259.ogg,444.682,405
spodov,spodov/XC727577.ogg,104.256,90
rossta2,rossta2/XC652557.ogg,25.464,5
comtai1,comtai1/XC747062.ogg,83.568,10
zitcis1,zitcis1/XC581217.ogg,13.035,5
oripip1,oripip1/XC610929.ogg,57.552,45
houspa,houspa/XC859067.ogg,33.306,30
litgre1,litgre1/XC592234.ogg,23.771,0
barswa,barswa/XC317626.ogg,70.818,60
comros,comros/XC656501.ogg,62.088,35
comgre,comgre/XC829333.ogg,14.352,0
grewar3,grewar3/XC652509.ogg,23.457,0
barswa,barswa/XC317816.ogg,47.328,25
plaflo1,plaflo1/XC296443.ogg,13.296,5
brodro1,brodro1/XC284391.ogg,24.059,20
labcro1,labcro1/XC116710.ogg,125.048,30
comros,comros/XC807051.ogg,316.314,255
crseag1,crseag1/XC350206.ogg,189.888,115
houspa,houspa/XC786489.ogg,1381.903,1015
grewar3,grewar3/XC377167.ogg,16.562,0
rorpar,rorpar/XC167779.ogg,143.438,135
pabflo1,pabflo1/XC392178.ogg,43.18,15
wemhar1,wemhar1/XC187397.ogg,75.807,60
commoo3,commoo3/XC546320.ogg,19.331,15
grywag,grywag/XC145210.ogg,35.736,10
grewar3,grewar3/XC421572.ogg,48.953,20
whtkin2,whtkin2/XC381030.ogg,10.005,5
grewar3,grewar3/XC573374.ogg,1019.011,155
graher1,graher1/XC313107.ogg,718.42,50
commyn,commyn/XC519640.ogg,2630.352,1360
thbwar1,thbwar1/XC527355.ogg,82.73,70
commyn,commyn/XC546848.ogg,1086.696,55
copbar1,copbar1/XC460805.ogg,68.728,65
grnsan,grnsan/XC740287.ogg,79.92,5
grywag,grywag/XC527590.ogg,42.292,20
lirplo,lirplo/XC622543.ogg,55.171,30
comsan,comsan/XC646786.ogg,65.645,20
houspa,houspa/XC327006.ogg,871.131,410
blrwar1,blrwar1/XC658348.ogg,144.143,135
grewar3,grewar3/XC568121.ogg,80.065,60
whbwat1,whbwat1/XC365727.ogg,592.584,395
vehpar1,vehpar1/XC497098.ogg,102.452,40
eurcoo,eurcoo/XC628514.ogg,78.445,10
brnshr,brnshr/XC504032.ogg,72.648,65
blhori1,blhori1/XC548048.ogg,17.032,0
bcnher,bcnher/XC680550.ogg,18.552,5
whbwat1,whbwat1/XC676788.ogg,37.728,20
barswa,barswa/XC560073.ogg,91.768,85
whbsho3,whbsho3/XC856457.ogg,300.042,180
eucdov,eucdov/XC309876.ogg,110.054,35
lblwar1,lblwar1/XC687971.ogg,10.893,10
bkwsti,bkwsti/XC553529.ogg,46.56,35
ruftre2,ruftre2/XC820806.ogg,26.4,20
comros,comros/XC807491.ogg,65.254,35
grynig2,grynig2/XC197110.ogg,20.04,5
grewar3,grewar3/XC575088.ogg,458.684,455
grywag,grywag/XC486565.ogg,236.983,210
lirplo,lirplo/XC371856.ogg,186.88,90
litswi1,litswi1/XC253698.ogg,510.145,335
houspa,houspa/XC232946.ogg,126.792,50
comros,comros/XC329599.ogg,25.992,20
houspa,houspa/XC571251.ogg,25.392,10
commyn,commyn/XC546947.ogg,2156.208,300
grewar3,grewar3/XC806047.ogg,1955.52,540
thbwar1,thbwar1/XC857838.ogg,66.301,30
blrwar1,blrwar1/XC770034.ogg,1668.792,765
grywag,grywag/XC652589.ogg,41.874,25
commyn,commyn/XC519659.ogg,2169.678,1850
gloibi,gloibi/XC129140.ogg,73.944,35
commoo3,commoo3/XC764958.ogg,58.728,0
ashdro1,ashdro1/XC575537.ogg,148.176,120
commoo3,commoo3/XC663631.ogg,11.99,5
commyn,commyn/XC612157.ogg,32.705,5
whtkin2,whtkin2/XC720544.ogg,107.075,20
comkin1,comkin1/XC529948.ogg,77.426,60
purher1,purher1/XC568360.ogg,18.913,15
brcful1,brcful1/XC197746.ogg,82.584,35
whbbul2,whbbul2/XC163928.ogg,11.04,5
comgre,comgre/XC396615.ogg,52.506,10
zitcis1,zitcis1/XC277479.ogg,18.939,10
comkin1,comkin1/XC188954.ogg,11.76,0
rorpar,rorpar/XC167771.ogg,41.064,0
blakit1,blakit1/XC330330.ogg,146.521,5
brodro1,brodro1/XC463621.ogg,32.967,25
marsan,marsan/XC371012.ogg,0.809,0
bkskit1,bkskit1/XC353810.ogg,191.869,180
grywag,grywag/XC390555.ogg,87.936,15
thbwar1,thbwar1/XC484890.ogg,188.472,40
comgre,comgre/XC432354.ogg,255.66,245
bkskit1,bkskit1/XC353810.ogg,191.869,95
eaywag1,eaywag1/XC768587.ogg,23.04,10
vehpar1,vehpar1/XC439547.ogg,17.448,0
oripip1,oripip1/XC116492.ogg,26.488,10
houspa,houspa/XC703378.ogg,136.202,50
whbwag1,whbwag1/XC335673.ogg,143.673,40
woosan,woosan/XC814873.ogg,42.213,40
gryfra,gryfra/XC667223.ogg,45.087,0
commyn,commyn/XC519659.ogg,2169.678,1900
lirplo,lirplo/XC145768.ogg,128.444,35
zitcis1,zitcis1/XC763924.ogg,6.504,5
piekin1,piekin1/XC321592.ogg,22.584,10
plapri1,plapri1/XC840885.ogg,51.528,50
litegr,litegr/XC492967.ogg,44.042,30
tibfly3,tibfly3/XC795412.ogg,23.976,10
barswa,barswa/XC370354.ogg,155.4,35
brnhao1,brnhao1/XC469353.ogg,165.936,80
woosan,woosan/XC189355.ogg,17.058,15
barswa,barswa/XC492100.ogg,78.984,75
blhori1,blhori1/XC236674.ogg,86.126,75
houspa,houspa/XC630629.ogg,563.043,555
labcro1,labcro1/XC297124.ogg,55.536,45
blrwar1,blrwar1/XC660157.ogg,1446.087,415
grnsan,grnsan/XC585766.ogg,152.184,45
grnsan,grnsan/XC579538.ogg,17.841,15
graher1,graher1/XC684993.ogg,159.896,75
brnhao1,brnhao1/XC773335.ogg,79.725,25
blhori1,blhori1/XC122996.ogg,49.58,35
bladro1,bladro1/XC239438.ogg,58.828,10
grewar3,grewar3/XC753208.ogg,185.376,160
whbwat1,whbwat1/XC191244.ogg,52.846,35
woosan,woosan/XC800004.ogg,38.196,35
blrwar1,blrwar1/XC655096.ogg,138.264,25
lesyel1,lesyel1/XC151548.ogg,48.144,10
barswa,barswa/XC371023.ogg,74.135,5
litswi1,litswi1/XC173033.ogg,28.134,25
comros,comros/XC580389.ogg,167.654,145
grejun2,grejun2/XC37514.ogg,45.584,15
blrwar1,blrwar1/XC659071.ogg,22.674,15
commoo3,commoo3/XC349223.ogg,824.895,230
eaywag1,eaywag1/XC645707.ogg,128.548,85
woosan,woosan/XC430928.ogg,63.739,10
rorpar,rorpar/XC511968.ogg,53.712,25
whbwat1,whbwat1/XC687887.ogg,62.668,5
blrwar1,blrwar1/XC731007.ogg,133.799,90
maghor2,maghor2/XC296773.ogg,24.384,10
commoo3,commoo3/XC187965.ogg,41.221,35
barswa,barswa/XC687540.ogg,110.602,15
zitcis1,zitcis1/XC126357.ogg,26.149,20
graher1,graher1/XC784322.ogg,156.107,150
blrwar1,blrwar1/XC659536.ogg,422.739,240
plapri1,plapri1/XC207255.ogg,7.236,0
greegr,greegr/XC150992.ogg,7.288,5
gyhcaf1,gyhcaf1/XC786026.ogg,41.038,25
eaywag1,eaywag1/XC765512.ogg,11.784,0
rossta2,rossta2/XC459548.ogg,107.729,85
lewduc1,lewduc1/XC578472.ogg,19.252,5
asikoe2,asikoe2/XC209026.ogg,35.997,15
blakit1,blakit1/XC744738.ogg,92.232,40
grewar3,grewar3/XC501074.ogg,232.128,65
tilwar1,tilwar1/XC176794.ogg,46.759,15
wemhar1,wemhar1/XC801401.ogg,90.84,0
commyn,commyn/XC519640.ogg,2630.352,2585
bcnher,bcnher/XC668846.ogg,6.144,0
grewar3,grewar3/XC182382.ogg,49.293,40
grewar3,grewar3/XC478536.ogg,31.922,20
spodov,spodov/XC484952.ogg,80.875,25
blrwar1,blrwar1/XC826057.ogg,3866.016,2965
asikoe2,asikoe2/XC345186.ogg,168.751,165
placuc3,placuc3/XC663615.ogg,75.48,40
rerswa1,rerswa1/XC723730.ogg,35.944,5
comior1,comior1/XC775654.ogg,134.52,80
putbab1,putbab1/XC464793.ogg,60.096,5
grtdro1,grtdro1/XC798100.ogg,32.568,10
grnwar1,grnwar1/XC569036.ogg,17.084,15
lirplo,lirplo/XC555622.ogg,62.354,30
spepic1,spepic1/XC804337.ogg,48.864,5
zitcis1,zitcis1/XC682432.ogg,26.592,15
hoopoe,hoopoe/XC627441.ogg,347.481,170
nutman,nutman/XC789682.ogg,31.033,25
crseag1,crseag1/XC616811.ogg,135.264,20
grnsan,grnsan/XC474326.ogg,219.847,80
houspa,houspa/XC326659.ogg,871.68,630
comros,comros/XC809744.ogg,188.29,175
eaywag1,eaywag1/XC138886.ogg,54.988,45
bladro1,bladro1/XC729067.ogg,32.157,20
bkskit1,bkskit1/XC353824.ogg,17.659,0
commyn,commyn/XC518361.ogg,422.16,200
comfla1,comfla1/XC756483.ogg,46.656,40
rewbul,rewbul/XC400904.ogg,216.072,200
barswa,barswa/XC361810.ogg,20.82,15
grbeat1,grbeat1/XC621032.ogg,31.608,0
zitcis1,zitcis1/XC471757.ogg,134.74,125
marsan,marsan/XC26661.ogg,72.777,10
kenplo1,kenplo1/XC367417.ogg,23.144,20
grnsan,grnsan/XC542515.ogg,6.087,0
eucdov,eucdov/XC507629.ogg,21.107,20
gargan,gargan/XC279683.ogg,101.784,15
eurcoo,eurcoo/XC804809.ogg,98.664,40
whcbar1,whcbar1/XC196647.ogg,104.256,80
houspa,houspa/XC557782.ogg,60.24,10
barswa,barswa/XC575749.ogg,36.12,15
gyhcaf1,gyhcaf1/XC805189.ogg,49.584,20
blrwar1,blrwar1/XC113345.ogg,159.84,80
gargan,gargan/XC643223.ogg,9.822,5
blrwar1,blrwar1/XC770034.ogg,1668.792,1480
greegr,greegr/XC196156.ogg,54.456,15
blakit1,blakit1/XC337369.ogg,74.057,45
grtdro1,grtdro1/XC384444.ogg,14.832,0
asbfly,asbfly/XC770507.ogg,39.912,35
houspa,houspa/XC622458.ogg,148.192,30
labcro1,labcro1/XC840607.ogg,27.506,25
bcnher,bcnher/XC657557.ogg,44.696,20
blrwar1,blrwar1/XC569385.ogg,1144.944,395
grewar3,grewar3/XC479641.ogg,8.072,5
blrwar1,blrwar1/XC26899.ogg,329.247,315
wemhar1,wemhar1/XC184347.ogg,113.633,55
hoopoe,hoopoe/XC728537.ogg,26.712,20
comgre,comgre/XC686493.ogg,95.294,10
eaywag1,eaywag1/XC481362.ogg,38.568,20
blrwar1,blrwar1/XC563358.ogg,995.616,340
comgre,comgre/XC823113.ogg,52.741,0
barfly1,barfly1/XC386967.ogg,134.113,85
grejun2,grejun2/XC574318.ogg,70.008,30
eaywag1,eaywag1/XC821160.ogg,18.936,0
whiter2,whiter2/XC840779.ogg,22.128,0
ashdro1,ashdro1/XC450403.ogg,2.038,0
kenplo1,kenplo1/XC494528.ogg,63.84,25
eurcoo,eurcoo/XC545405.ogg,32.832,15
comros,comros/XC181372.ogg,54.648,45
hoopoe,hoopoe/XC611594.ogg,56.842,45
eurcoo,eurcoo/XC508401.ogg,88.32,10
blrwar1,blrwar1/XC826766.ogg,5964.225,5530
lirplo,lirplo/XC804198.ogg,26.784,20
graher1,graher1/XC726331.ogg,126.72,85
grewar3,grewar3/XC533877.ogg,193.045,150
wemhar1,wemhar1/XC801322.ogg,23.96,0
sbeowl1,sbeowl1/XC665462.ogg,51.722,10
blrwar1,blrwar1/XC826057.ogg,3866.016,615
houcro1,houcro1/XC344137.ogg,22.335,5
grtdro1,grtdro1/XC196743.ogg,66.672,15
rewlap1,rewlap1/XC763923.ogg,23.256,0
woosan,woosan/XC509675.ogg,102.768,50
rossta2,rossta2/XC462167.ogg,24.895,0
barswa,barswa/XC267418.ogg,80.379,20
blrwar1,blrwar1/XC563337.ogg,2804.208,930
brnshr,brnshr/XC196142.ogg,161.232,40
comtai1,comtai1/XC293875.ogg,36.676,5
lirplo,lirplo/XC374914.ogg,574.56,425
brodro1,brodro1/XC37744.ogg,27.481,15
nutman,nutman/XC685783.ogg,53.256,5
eucdov,eucdov/XC310548.ogg,14.497,10
bcnher,bcnher/XC744818.ogg,19.931,5
hoopoe,hoopoe/XC376683.ogg,480.504,445
compea,compea/XC406117.ogg,9.168,0
barswa,barswa/XC585551.ogg,33.528,15
whiter2,whiter2/XC568345.ogg,26.358,5
comgre,comgre/XC554092.ogg,55.8,20
labcro1,labcro1/XC790895.ogg,46.464,25
spodov,spodov/XC766589.ogg,136.944,0
grywag,grywag/XC745654.ogg,44.064,25
eurcoo,eurcoo/XC780951.ogg,46.148,45
mawthr1,mawthr1/XC198320.ogg,16.236,10
grewar3,grewar3/XC692713.ogg,51.487,25
greegr,greegr/XC686664.ogg,28.708,20
blrwar1,blrwar1/XC826060.ogg,1963.968,275
insowl1,insowl1/XC216497.ogg,30.564,30
blrwar1,blrwar1/XC270114.ogg,202.083,175
commyn,commyn/XC444488.ogg,15.333,10
comgre,comgre/XC146065.ogg,42.344,25
eucdov,eucdov/XC481132.ogg,125.701,0
whrmun,whrmun/XC746792.ogg,206.016,140
pursun3,pursun3/XC213334.ogg,71.941,20
wemhar1,wemhar1/XC608640.ogg,37.773,0
comsan,comsan/XC736684.ogg,45.6,25
grewar3,grewar3/XC490809.ogg,38.034,35
hoopoe,hoopoe/XC567265.ogg,89.129,45
eaywag1,eaywag1/XC675679.ogg,25.26,15
eucdov,eucdov/XC522041.ogg,102.36,90
rewbul,rewbul/XC365206.ogg,145.608,125
brnshr,brnshr/XC441578.ogg,19.584,10
ashpri1,ashpri1/XC592508.ogg,113.345,85
wemhar1,wemhar1/XC858751.ogg,30.667,0
brnhao1,brnhao1/XC578764.ogg,159.634,30
whbwat1,whbwat1/XC764948.ogg,152.664,125
blhori1,blhori1/XC744010.ogg,292.754,135
comros,comros/XC367339.ogg,76.872,25
litswi1,litswi1/XC443719.ogg,40.776,25
gargan,gargan/XC365510.ogg,106.553,50
rocpig,rocpig/XC504295.ogg,102.528,100
crseag1,crseag1/XC466084.ogg,105.24,55
eaywag1,eaywag1/XC378218.ogg,55.32,40
graher1,graher1/XC494022.ogg,75.598,75
litswi1,litswi1/XC443717.ogg,34.224,30
blrwar1,blrwar1/XC826057.ogg,3866.016,2865
greegr,greegr/XC558126.ogg,1255.056,265
moipig1,moipig1/XC210497.ogg,65.071,65
rewbul,rewbul/XC203338.ogg,80.562,15
barswa,barswa/XC587773.ogg,61.896,50
lirplo,lirplo/XC374914.ogg,574.56,195
sbeowl1,sbeowl1/XC255682.ogg,61.022,35
moipig1,moipig1/XC236493.ogg,79.02,5
asbfly,asbfly/XC329259.ogg,108.96,35
houspa,houspa/XC835060.ogg,61.648,25
zitcis1,zitcis1/XC289353.ogg,43.494,20
brwowl1,brwowl1/XC179946.ogg,3.605,0
hoopoe,hoopoe/XC570623.ogg,311.04,75
asbfly,asbfly/XC713467.ogg,42.162,0
crseag1,crseag1/XC856755.ogg,59.036,25
brodro1,brodro1/XC126597.ogg,25.364,5
gargan,gargan/XC787965.ogg,30.17,25
commyn,commyn/XC661228.ogg,248.736,230
grewar3,grewar3/XC580306.ogg,43.755,0
litegr,litegr/XC333875.ogg,11.833,0
graher1,graher1/XC786462.ogg,359.026,350
rerswa1,rerswa1/XC381917.ogg,217.652,25
copbar1,copbar1/XC197611.ogg,77.04,50
houcro1,houcro1/XC520666.ogg,77.844,55
grywag,grywag/XC668145.ogg,26.136,5
houspa,houspa/XC786489.ogg,1381.903,1270
houspa,houspa/XC790349.ogg,134.191,80
grywag,grywag/XC312552.ogg,80.248,15
grtdro1,grtdro1/XC610725.ogg,36.528,15
comior1,comior1/XC754354.ogg,31.528,0
comgre,comgre/XC256548.ogg,22.126,10
whrmun,whrmun/XC746792.ogg,206.016,110
barswa,barswa/XC752629.ogg,25.73,15
vehpar1,vehpar1/XC607188.ogg,6.888,5
crseag1,crseag1/XC393380.ogg,35.056,20
hoopoe,hoopoe/XC278457.ogg,56.581,5
graher1,graher1/XC48828.ogg,112.222,85
yebbab1,yebbab1/XC670334.ogg,76.355,65
blrwar1,blrwar1/XC248908.ogg,639.451,35
hoopoe,hoopoe/XC451529.ogg,37.799,20
lblwar1,lblwar1/XC814097.ogg,168.85,120
bkwsti,bkwsti/XC338803.ogg,299.285,90
eurcoo,eurcoo/XC720887.ogg,132.696,55
stbkin1,stbkin1/XC360661.ogg,64.313,5
litegr,litegr/XC333883.ogg,92.891,20
hoopoe,hoopoe/XC644607.ogg,74.448,50
litegr,litegr/XC333943.ogg,91.507,90
blrwar1,blrwar1/XC826790.ogg,1607.758,860
eaywag1,eaywag1/XC714888.ogg,9.048,5
grewar3,grewar3/XC806047.ogg,1955.52,1550
yebbab1,yebbab1/XC545205.ogg,19.122,0
blrwar1,blrwar1/XC826787.ogg,4670.642,4055
rewlap1,rewlap1/XC713231.ogg,86.674,50
comros,comros/XC727918.ogg,151.301,55
wemhar1,wemhar1/XC132156.ogg,106.998,80
eaywag1,eaywag1/XC345152.ogg,33.384,15
gargan,gargan/XC733441.ogg,23.327,10
brnhao1,brnhao1/XC386076.ogg,41.587,25
lirplo,lirplo/XC824241.ogg,59.899,5
bkrfla1,bkrfla1/XC419783.ogg,47.386,45
rewlap1,rewlap1/XC214021.ogg,13.992,10
hoopoe,hoopoe/XC376683.ogg,480.504,235
woosan,woosan/XC668264.ogg,217.224,80
rerswa1,rerswa1/XC701891.ogg,107.912,35
indpit1,indpit1/XC320460.ogg,32.078,25
wemhar1,wemhar1/XC727227.ogg,122.958,120
brnhao1,brnhao1/XC284633.ogg,79.386,55
copbar1,copbar1/XC702460.ogg,21.081,5
thbwar1,thbwar1/XC375246.ogg,117.42,85
blrwar1,blrwar1/XC420746.ogg,328.333,160
blrwar1,blrwar1/XC572385.ogg,2245.272,810
barswa,barswa/XC667954.ogg,35.082,5
blrwar1,blrwar1/XC826779.ogg,889.678,355
lirplo,lirplo/XC784842.ogg,38.628,20
hoopoe,hoopoe/XC697952.ogg,69.816,0
plapri1,plapri1/XC575212.ogg,91.507,0
grywag,grywag/XC421778.ogg,192.912,100
comros,comros/XC199287.ogg,31.974,0
maghor2,maghor2/XC196577.ogg,69.048,60
comgre,comgre/XC838139.ogg,17.293,10
grnsan,grnsan/XC486588.ogg,107.416,20
blrwar1,blrwar1/XC660156.ogg,1698.508,645
blrwar1,blrwar1/XC560255.ogg,348.761,135
bkskit1,bkskit1/XC305303.ogg,197.904,70
blrwar1,blrwar1/XC655094.ogg,99.552,40
zitcis1,zitcis1/XC633271.ogg,52.976,5
thbwar1,thbwar1/XC478622.ogg,904.046,760
pursun4,pursun4/XC652002.ogg,31.007,5
brwjac1,brwjac1/XC604402.ogg,19.67,0
thbwar1,thbwar1/XC323743.ogg,43.102,30
grehor1,grehor1/XC736176.ogg,35.088,5
crseag1,crseag1/XC350206.ogg,189.888,120
hoopoe,hoopoe/XC367997.ogg,100.92,30
barswa,barswa/XC337979.ogg,202.762,175
eucdov,eucdov/XC366772.ogg,19.774,15
bkskit1,bkskit1/XC353820.ogg,5.773,5
whtkin2,whtkin2/XC742045.ogg,56.242,45
gyhcaf1,gyhcaf1/XC114323.ogg,65.515,35
hoopoe,hoopoe/XC560362.ogg,194.544,185
lirplo,lirplo/XC622542.ogg,73.169,30
comsan,comsan/XC797067.ogg,5.042,0
bkwsti,bkwsti/XC338803.ogg,299.285,270
blrwar1,blrwar1/XC569385.ogg,1144.944,415
bkwsti,bkwsti/XC580256.ogg,130.351,65
graher1,graher1/XC835125.ogg,46.615,5
rewlap1,rewlap1/XC573515.ogg,95.164,5
hoopoe,hoopoe/XC431407.ogg,22.282,15
putbab1,putbab1/XC638646.ogg,38.296,10
brnhao1,brnhao1/XC284847.ogg,27.312,10
woosan,woosan/XC652326.ogg,323.016,45
purher1,purher1/XC480203.ogg,17.058,0
commoo3,commoo3/XC349223.ogg,824.895,130
barswa,barswa/XC492100.ogg,78.984,15
comkin1,comkin1/XC502226.ogg,8.976,5
commyn,commyn/XC521179.ogg,1757.544,1530
rewbul,rewbul/XC207914.ogg,128.0,115
commyn,commyn/XC519640.ogg,2630.352,1900
houspa,houspa/XC439378.ogg,20.82,5
lblwar1,lblwar1/XC687973.ogg,14.184,5
grewar3,grewar3/XC251835.ogg,261.936,150
houspa,houspa/XC327006.ogg,871.131,275
greegr,greegr/XC709622.ogg,7.728,0
bcnher,bcnher/XC73032.ogg,63.295,20
comtai1,comtai1/XC825545.ogg,191.208,105
labcro1,labcro1/XC692668.ogg,78.336,75
whbbul2,whbbul2/XC453725.ogg,180.6,85
barfly1,barfly1/XC386967.ogg,134.113,30
rorpar,rorpar/XC541890.ogg,78.984,30
aspswi1,aspswi1/XC425063.ogg,22.936,15
comgre,comgre/XC840649.ogg,114.768,75
eucdov,eucdov/XC553498.ogg,14.262,10
gloibi,gloibi/XC310508.ogg,16.536,15
litegr,litegr/XC711517.ogg,14.132,0
commyn,commyn/XC519659.ogg,2169.678,25
rerswa1,rerswa1/XC390255.ogg,235.207,50
zitcis1,zitcis1/XC282656.ogg,22.962,20
blrwar1,blrwar1/XC420683.ogg,61.248,60
grewar3,grewar3/XC150184.ogg,48.562,5
cohcuc1,cohcuc1/XC396087.ogg,621.264,335
comkin1,comkin1/XC716236.ogg,27.924,10
crseag1,crseag1/XC856692.ogg,71.993,35
hoopoe,hoopoe/XC375704.ogg,74.344,55
rorpar,rorpar/XC361722.ogg,26.619,20
grewar3,grewar3/XC266051.ogg,58.828,0
litswi1,litswi1/XC253696.ogg,619.363,235
barfly1,barfly1/XC856487.ogg,300.042,15
bkskit1,bkskit1/XC360515.ogg,85.577,85
hoopoe,hoopoe/XC718549.ogg,129.648,120
litegr,litegr/XC333976.ogg,75.964,10
categr,categr/XC838628.ogg,601.992,305
grnsan,grnsan/XC668013.ogg,9.247,0
eurcoo,eurcoo/XC496744.ogg,44.8,30
crseag1,crseag1/XC624545.ogg,64.248,60
blrwar1,blrwar1/XC826060.ogg,1963.968,700
maghor2,maghor2/XC786587.ogg,130.2,90
ashpri1,ashpri1/XC197604.ogg,30.576,30
rorpar,rorpar/XC784680.ogg,54.596,15
comgre,comgre/XC663214.ogg,454.632,80
spodov,spodov/XC642949.ogg,81.384,80
hoopoe,hoopoe/XC655333.ogg,33.576,20
graher1,graher1/XC349532.ogg,347.037,130
blrwar1,blrwar1/XC808194.ogg,494.021,420
eucdov,eucdov/XC703152.ogg,212.064,55
blrwar1,blrwar1/XC826043.ogg,2153.448,2010
blrwar1,blrwar1/XC479088.ogg,45.816,10
bcnher,bcnher/XC800503.ogg,70.227,0
litswi1,litswi1/XC253697.ogg,485.773,345
zitcis1,zitcis1/XC773830.ogg,11.952,5
blrwar1,blrwar1/XC565811.ogg,103.34,15
houspa,houspa/XC410910.ogg,33.84,25
kenplo1,kenplo1/XC822112.ogg,21.799,20
asikoe2,asikoe2/XC316778.ogg,45.505,35
rerswa1,rerswa1/XC390253.ogg,175.882,110
hoopoe,hoopoe/XC627442.ogg,300.042,175
comior1,comior1/XC606356.ogg,59.689,40
gybpri1,gybpri1/XC665709.ogg,117.12,30
blrwar1,blrwar1/XC654585.ogg,115.344,85
comgre,comgre/XC206718.ogg,11.544,5
grewar3,grewar3/XC134760.ogg,68.544,5
woosan,woosan/XC754765.ogg,71.277,55
bladro1,bladro1/XC719762.ogg,19.752,0
ashwoo2,ashwoo2/XC584166.ogg,83.356,10
piebus1,piebus1/XC792272.ogg,24.816,20
blrwar1,blrwar1/XC568624.ogg,915.775,270
blrwar1,blrwar1/XC654475.ogg,422.28,85
indpit1,indpit1/XC215412.ogg,13.505,5
indrol2,indrol2/XC611151.ogg,46.811,45
whbwoo2,whbwoo2/XC123016.ogg,5.016,5
wemhar1,wemhar1/XC512132.ogg,51.36,40
thbwar1,thbwar1/XC805623.ogg,36.31,15
comsan,comsan/XC140115.ogg,100.885,25
comkin1,comkin1/XC820084.ogg,29.702,25
bcnher,bcnher/XC663531.ogg,665.664,245
commoo3,commoo3/XC296281.ogg,96.731,0
bladro1,bladro1/XC712556.ogg,35.291,30
grywag,grywag/XC263097.ogg,164.127,105
ashpri1,ashpri1/XC73019.ogg,79.256,30
commoo3,commoo3/XC554927.ogg,63.608,10
comgre,comgre/XC266140.ogg,16.3,0
barswa,barswa/XC446455.ogg,117.12,105
blrwar1,blrwar1/XC826766.ogg,5964.225,4295
eaywag1,eaywag1/XC376342.ogg,65.76,30
bkwsti,bkwsti/XC380958.ogg,12.048,10
spepic1,spepic1/XC239928.ogg,28.003,25
labcro1,labcro1/XC297122.ogg,185.904,15
tibfly3,tibfly3/XC207660.ogg,71.628,55
hoopoe,hoopoe/XC312065.ogg,85.995,45
indrob1,indrob1/XC507730.ogg,57.339,10
graher1,graher1/XC570618.ogg,32.392,25
graher1,graher1/XC758701.ogg,62.04,40
eucdov,eucdov/XC726671.ogg,198.608,100
categr,categr/XC514784.ogg,84.689,0
graher1,graher1/XC313107.ogg,718.42,425
comros,comros/XC457667.ogg,50.472,20
litegr,litegr/XC718474.ogg,5.28,5
houspa,houspa/XC630629.ogg,563.043,360
rocpig,rocpig/XC453907.ogg,202.392,125
hoopoe,hoopoe/XC327766.ogg,141.662,110
stbkin1,stbkin1/XC215869.ogg,31.992,20
rorpar,rorpar/XC574717.ogg,62.964,60
woosan,woosan/XC282815.ogg,6.048,5
labcro1,labcro1/XC446405.ogg,56.592,40
hoopoe,hoopoe/XC625440.ogg,574.968,540
commyn,commyn/XC183880.ogg,94.824,35
rorpar,rorpar/XC304930.ogg,25.731,15
grtdro1,grtdro1/XC197118.ogg,59.976,50
litegr,litegr/XC333917.ogg,29.518,25
commyn,commyn/XC548866.ogg,4486.536,1760
brodro1,brodro1/XC207258.ogg,142.054,30
wemhar1,wemhar1/XC164817.ogg,51.853,35
zitcis1,zitcis1/XC572685.ogg,10.971,10
zitcis1,zitcis1/XC179033.ogg,13.975,0
comgre,comgre/XC829828.ogg,156.715,120
sohmyn1,sohmyn1/XC207740.ogg,93.205,80
bladro1,bladro1/XC737858.ogg,202.128,15
spodov,spodov/XC725662.ogg,198.528,135
commoo3,commoo3/XC550817.ogg,49.14,45
blakit1,blakit1/XC495362.ogg,95.321,85
grewar3,grewar3/XC806047.ogg,1955.52,525
rorpar,rorpar/XC845025.ogg,112.666,10
kenplo1,kenplo1/XC817407.ogg,61.414,55
rerswa1,rerswa1/XC171582.ogg,114.625,110
indrob1,indrob1/XC741505.ogg,42.24,40
houspa,houspa/XC500504.ogg,40.68,30
laudov1,laudov1/XC405369.ogg,71.136,50
blrwar1,blrwar1/XC653723.ogg,95.32,90
blrwar1,blrwar1/XC826790.ogg,1607.758,1325
houspa,houspa/XC326676.ogg,871.811,700
grewar3,grewar3/XC810536.ogg,387.0,165
stbkin1,stbkin1/XC681278.ogg,78.942,40
brnshr,brnshr/XC267581.ogg,46.184,10
rewbul,rewbul/XC713116.ogg,64.888,15
blrwar1,blrwar1/XC138157.ogg,531.801,95
eucdov,eucdov/XC743744.ogg,233.136,55
whbwoo2,whbwoo2/XC787734.ogg,115.992,30
eaywag1,eaywag1/XC761649.ogg,32.066,5
blrwar1,blrwar1/XC765804.ogg,1927.944,465
grywag,grywag/XC457124.ogg,63.312,45
grnsan,grnsan/XC677341.ogg,16.535,15
comros,comros/XC564423.ogg,82.051,35
barswa,barswa/XC585513.ogg,206.16,200
litgre1,litgre1/XC469458.ogg,6.791,5
lirplo,lirplo/XC567259.ogg,6.06,0
crseag1,crseag1/XC390341.ogg,36.493,25
hoopoe,hoopoe/XC240326.ogg,58.984,40
eaywag1,eaywag1/XC154909.ogg,51.384,30
comior1,comior1/XC676795.ogg,52.944,10
grnwar1,grnwar1/XC726571.ogg,84.062,10
stbkin1,stbkin1/XC551672.ogg,21.289,0
zitcis1,zitcis1/XC749223.ogg,20.112,10
houspa,houspa/XC326991.ogg,871.811,415
hoopoe,hoopoe/XC308879.ogg,287.347,150
comtai1,comtai1/XC380529.ogg,207.595,105
grewar3,grewar3/XC845823.ogg,26.522,20
whtkin2,whtkin2/XC365386.ogg,33.646,10
commyn,commyn/XC548866.ogg,4486.536,3400
bkwsti,bkwsti/XC184854.ogg,107.337,15
houspa,houspa/XC367473.ogg,33.489,15
ashdro1,ashdro1/XC371163.ogg,58.68,55
bkwsti,bkwsti/XC194511.ogg,52.088,35
marsan,marsan/XC134892.ogg,38.531,20
eaywag1,eaywag1/XC746576.ogg,220.656,20
copbar1,copbar1/XC822911.ogg,165.6,85
eurcoo,eurcoo/XC466156.ogg,9.326,0
bcnher,bcnher/XC689920.ogg,36.728,30
barswa,barswa/XC652315.ogg,68.362,55
comtai1,comtai1/XC663565.ogg,155.951,150
purher1,purher1/XC380537.ogg,6.192,0
blakit1,blakit1/XC320849.ogg,181.838,40
comgre,comgre/XC666311.ogg,31.2,5
comgre,comgre/XC190512.ogg,28.944,10
whiter2,whiter2/XC193639.ogg,51.122,10
blrwar1,blrwar1/XC134920.ogg,208.17,130
plapri1,plapri1/XC207647.ogg,39.471,20
rorpar,rorpar/XC522975.ogg,336.432,185
comior1,comior1/XC343936.ogg,24.764,20
wemhar1,wemhar1/XC130828.ogg,188.709,85
asbfly,asbfly/XC313835.ogg,83.722,40
asikoe2,asikoe2/XC362850.ogg,17.972,0
comsan,comsan/XC721216.ogg,10.005,5
grnsan,grnsan/XC664804.ogg,87.672,10
blrwar1,blrwar1/XC826060.ogg,1963.968,1415
bkwsti,bkwsti/XC820410.ogg,17.599,5
eucdov,eucdov/XC664607.ogg,117.577,0
gargan,gargan/XC131243.ogg,31.556,30
ruftre2,ruftre2/XC403960.ogg,64.967,5
blnmon1,blnmon1/XC406614.ogg,109.056,60
comgre,comgre/XC524637.ogg,67.187,0
blnmon1,blnmon1/XC151377.ogg,87.536,75
houspa,houspa/XC462188.ogg,26.697,0
grewar3,grewar3/XC430660.ogg,57.365,55
greegr,greegr/XC129041.ogg,72.673,35
blrwar1,blrwar1/XC826787.ogg,4670.642,325
whtkin2,whtkin2/XC559648.ogg,40.411,10
litegr,litegr/XC726581.ogg,7.34,5
commyn,commyn/XC281919.ogg,50.051,45
comior1,comior1/XC616395.ogg,43.086,20
eucdov,eucdov/XC811631.ogg,371.869,270
blrwar1,blrwar1/XC770034.ogg,1668.792,960
houspa,houspa/XC654112.ogg,48.432,45
commyn,commyn/XC519762.ogg,439.719,150
whrmun,whrmun/XC176317.ogg,17.058,0
lirplo,lirplo/XC722700.ogg,143.83,120
junowl1,junowl1/XC404219.ogg,22.073,15
ingori1,ingori1/XC404369.ogg,71.053,35
categr,categr/XC418997.ogg,73.68,60
mawthr1,mawthr1/XC490495.ogg,52.689,0
rewlap1,rewlap1/XC590070.ogg,44.904,0
litgre1,litgre1/XC502958.ogg,71.856,50
blhori1,blhori1/XC122996.ogg,49.58,30
grejun2,grejun2/XC725327.ogg,42.432,40
eucdov,eucdov/XC692263.ogg,13.128,5
asikoe2,asikoe2/XC753727.ogg,70.635,60
grywag,grywag/XC267572.ogg,184.007,0
grywag,grywag/XC267569.ogg,90.567,85
comros,comros/XC457665.ogg,111.816,15
piebus1,piebus1/XC176169.ogg,51.775,10
grtdro1,grtdro1/XC562529.ogg,13.191,5
compea,compea/XC454033.ogg,66.351,25
grewar3,grewar3/XC656664.ogg,203.136,145
labcro1,labcro1/XC446405.ogg,56.592,45
zitcis1,zitcis1/XC570145.ogg,68.52,45
blrwar1,blrwar1/XC252742.ogg,319.944,125
lirplo,lirplo/XC25077.ogg,113.894,35
lirplo,lirplo/XC326569.ogg,30.576,10
blrwar1,blrwar1/XC492503.ogg,434.678,310
blakit1,blakit1/XC538916.ogg,10.056,10
zitcis1,zitcis1/XC307175.ogg,47.016,10
yebbul3,yebbul3/XC490887.ogg,30.302,30
whbwat1,whbwat1/XC707487.ogg,99.624,25
grewar3,grewar3/XC194418.ogg,242.547,140
labcro1,labcro1/XC355978.ogg,123.271,105
commyn,commyn/XC183810.ogg,41.561,0
brnhao1,brnhao1/XC469353.ogg,165.936,85
gyhcaf1,gyhcaf1/XC836602.ogg,42.371,20
bcnher,bcnher/XC493577.ogg,49.224,10
litswi1,litswi1/XC253697.ogg,485.773,185
eucdov,eucdov/XC555806.ogg,28.473,25
eucdov,eucdov/XC267940.ogg,376.294,165
labcro1,labcro1/XC823514.ogg,22.936,15
comkin1,comkin1/XC289822.ogg,524.539,175
litgre1,litgre1/XC597731.ogg,7.993,5
ruftre2,ruftre2/XC301029.ogg,58.801,0
litegr,litegr/XC331548.ogg,302.968,35
commyn,commyn/XC519640.ogg,2630.352,2080
ashdro1,ashdro1/XC293436.ogg,328.673,240
litegr,litegr/XC659583.ogg,15.888,5
bkskit1,bkskit1/XC433771.ogg,434.913,370
grenig1,grenig1/XC133665.ogg,47.934,45
comsan,comsan/XC663899.ogg,369.0,365
putbab1,putbab1/XC371628.ogg,41.376,30
brodro1,brodro1/XC844131.ogg,68.136,55
grewar3,grewar3/XC144219.ogg,114.155,75
bcnher,bcnher/XC441839.ogg,17.606,0
greegr,greegr/XC193153.ogg,245.376,125
copbar1,copbar1/XC822911.ogg,165.6,50
asbfly,asbfly/XC834959.ogg,58.704,25
plapri1,plapri1/XC829166.ogg,18.624,0
brodro1,brodro1/XC782949.ogg,43.728,15
woosan,woosan/XC363663.ogg,36.466,0
rewbul,rewbul/XC758757.ogg,163.584,20
lirplo,lirplo/XC326570.ogg,69.984,15
gyhcaf1,gyhcaf1/XC720384.ogg,130.176,45
insbab1,insbab1/XC214142.ogg,190.32,10
blrwar1,blrwar1/XC478106.ogg,401.688,90
wemhar1,wemhar1/XC689514.ogg,62.16,20
rewbul,rewbul/XC722774.ogg,69.24,40
eurcoo,eurcoo/XC790789.ogg,80.483,10
comsan,comsan/XC503480.ogg,26.928,20
comkin1,comkin1/XC804341.ogg,152.424,140
blrwar1,blrwar1/XC826057.ogg,3866.016,3215
purher1,purher1/XC855173.ogg,71.862,55
bkwsti,bkwsti/XC301626.ogg,714.188,240
woosan,woosan/XC579396.ogg,59.898,10
nutman,nutman/XC736037.ogg,45.528,10
purswa3,purswa3/XC537106.ogg,58.56,40
commyn,commyn/XC521179.ogg,1757.544,1375
btbeat1,btbeat1/XC400298.ogg,3.265,0
hoopoe,hoopoe/XC240247.ogg,268.248,250
litegr,litegr/XC236290.ogg,22.57,20
eucdov,eucdov/XC128704.ogg,81.48,45
grecou1,grecou1/XC785894.ogg,64.872,55
lirplo,lirplo/XC545464.ogg,17.232,5
zitcis1,zitcis1/XC550601.ogg,76.33,40
tibfly3,tibfly3/XC307919.ogg,17.064,10
rorpar,rorpar/XC680464.ogg,65.149,0
blrwar1,blrwar1/XC655525.ogg,203.064,35
gyhcaf1,gyhcaf1/XC805190.ogg,131.952,95
hoopoe,hoopoe/XC718540.ogg,58.44,40
barswa,barswa/XC317626.ogg,70.818,45
thbwar1,thbwar1/XC323743.ogg,43.102,20
rorpar,rorpar/XC750191.ogg,8.568,5
bcnher,bcnher/XC565096.ogg,165.564,165
eucdov,eucdov/XC654879.ogg,38.952,0
eucdov,eucdov/XC701043.ogg,6.53,5
pursun3,pursun3/XC653682.ogg,31.947,0
gloibi,gloibi/XC789670.ogg,37.016,0
blrwar1,blrwar1/XC234437.ogg,43.311,0
blrwar1,blrwar1/XC569385.ogg,1144.944,135
eurcoo,eurcoo/XC579945.ogg,79.44,25
blrwar1,blrwar1/XC563337.ogg,2804.208,885
bkwsti,bkwsti/XC573631.ogg,93.888,90
bcnher,bcnher/XC667383.ogg,115.984,50
hoopoe,hoopoe/XC487072.ogg,35.892,35
putbab1,putbab1/XC291082.ogg,359.184,335
litgre1,litgre1/XC617534.ogg,31.704,5
litgre1,litgre1/XC579361.ogg,80.568,20
gybpri1,gybpri1/XC468290.ogg,64.052,55
grywag,grywag/XC470708.ogg,22.584,5
brodro1,brodro1/XC151511.ogg,24.999,0
thbwar1,thbwar1/XC755636.ogg,276.793,225
grewar3,grewar3/XC573225.ogg,209.711,85
hoopoe,hoopoe/XC318438.ogg,871.732,120
brnshr,brnshr/XC594269.ogg,105.648,65
bladro1,bladro1/XC330303.ogg,99.317,65
houspa,houspa/XC701541.ogg,105.56,100
comgre,comgre/XC686493.ogg,95.294,60
litswi1,litswi1/XC253697.ogg,485.773,290
categr,categr/XC328546.ogg,203.259,105
grnwar1,grnwar1/XC193500.ogg,27.376,15
houspa,houspa/XC326670.ogg,870.008,445
blrwar1,blrwar1/XC563156.ogg,96.026,35
comkin1,comkin1/XC313958.ogg,487.728,250
brasta1,brasta1/XC424374.ogg,5.068,5
grnwar1,grnwar1/XC482955.ogg,61.544,15
comgre,comgre/XC685778.ogg,113.136,5
lirplo,lirplo/XC490993.ogg,5.381,0
thbwar1,thbwar1/XC266177.ogg,267.677,95
bkwsti,bkwsti/XC301626.ogg,714.188,580
lblwar1,lblwar1/XC756620.ogg,78.48,60
brwowl1,brwowl1/XC637206.ogg,405.264,250
gybpri1,gybpri1/XC487517.ogg,30.224,25
grywag,grywag/XC170966.ogg,64.391,35
eucdov,eucdov/XC544183.ogg,63.32,40
pursun3,pursun3/XC569655.ogg,50.364,0
comros,comros/XC562779.ogg,34.968,10
grtdro1,grtdro1/XC196743.ogg,66.672,60
graher1,graher1/XC670844.ogg,12.0,10
comtai1,comtai1/XC209010.ogg,25.234,5
rerswa1,rerswa1/XC423980.ogg,195.291,80
commyn,commyn/XC609517.ogg,112.039,5
greegr,greegr/XC456479.ogg,20.592,5
comgre,comgre/XC815667.ogg,15.865,5
hoopoe,hoopoe/XC697952.ogg,69.816,45
barswa,barswa/XC471775.ogg,63.713,0
grewar3,grewar3/XC565715.ogg,207.0,5
zitcis1,zitcis1/XC789245.ogg,31.582,30
malwoo1,malwoo1/XC178259.ogg,9.038,0
houspa,houspa/XC786489.ogg,1381.903,650
grewar3,grewar3/XC293677.ogg,36.911,0
eucdov,eucdov/XC481132.ogg,125.701,10
whcbar1,whcbar1/XC402328.ogg,18.416,5
asbfly,asbfly/XC291450.ogg,34.56,30
purher1,purher1/XC715194.ogg,15.282,0
commyn,commyn/XC519640.ogg,2630.352,1125
rorpar,rorpar/XC650137.ogg,391.344,25
eaywag1,eaywag1/XC334136.ogg,67.527,35
houspa,houspa/XC554654.ogg,120.633,5
junowl1,junowl1/XC267078.ogg,3.648,0
indpit1,indpit1/XC207623.ogg,47.778,0
bcnher,bcnher/XC542097.ogg,78.216,65
ashwoo2,ashwoo2/XC341867.ogg,8.307,5
houspa,houspa/XC815109.ogg,226.377,150
bkskit1,bkskit1/XC352491.ogg,153.13,140
grehor1,grehor1/XC736314.ogg,17.319,15
purswa3,purswa3/XC548990.ogg,88.968,0
comfla1,comfla1/XC361850.ogg,137.378,85
comsan,comsan/XC582510.ogg,23.616,0
kerlau2,kerlau2/XC856385.ogg,72.542,45
laudov1,laudov1/XC538063.ogg,43.128,20
piebus1,piebus1/XC630261.ogg,14.158,5
lblwar1,lblwar1/XC756620.ogg,78.48,5
comkin1,comkin1/XC499043.ogg,45.432,35
graher1,graher1/XC488584.ogg,225.646,40
purher1,purher1/XC644353.ogg,60.672,5
whtkin2,whtkin2/XC662873.ogg,9.874,5
litswi1,litswi1/XC803755.ogg,33.384,15
houspa,houspa/XC771710.ogg,34.644,30
rorpar,rorpar/XC650130.ogg,750.168,20
houspa,houspa/XC407093.ogg,158.352,115
blrwar1,blrwar1/XC730626.ogg,177.528,125
gybpri1,gybpri1/XC487517.ogg,30.224,10
wemhar1,wemhar1/XC716131.ogg,88.45,30
comros,comros/XC458524.ogg,71.808,50
spodov,spodov/XC665481.ogg,84.062,70
pursun3,pursun3/XC284857.ogg,22.7,15
blrwar1,blrwar1/XC568624.ogg,915.775,900
crseag1,crseag1/XC241631.ogg,50.181,45
blrwar1,blrwar1/XC506483.ogg,28.56,0
houspa,houspa/XC630063.ogg,32.208,20
blrwar1,blrwar1/XC826057.ogg,3866.016,1055
plhpar1,plhpar1/XC776894.ogg,65.253,5
grehor1,grehor1/XC295012.ogg,32.104,25
blrwar1,blrwar1/XC770034.ogg,1668.792,535
grewar3,grewar3/XC692713.ogg,51.487,20
zitcis1,zitcis1/XC333705.ogg,67.579,65
litgre1,litgre1/XC714557.ogg,78.888,5
kenplo1,kenplo1/XC718545.ogg,77.088,5
zitcis1,zitcis1/XC289346.ogg,54.073,5
eucdov,eucdov/XC647374.ogg,37.616,5
eucdov,eucdov/XC722058.ogg,47.255,20
blrwar1,blrwar1/XC659536.ogg,422.739,285
eucdov,eucdov/XC363124.ogg,13.344,0
rewbul,rewbul/XC207909.ogg,200.202,170
blrwar1,blrwar1/XC563337.ogg,2804.208,715
blrwar1,blrwar1/XC569385.ogg,1144.944,285
junowl1,junowl1/XC507441.ogg,147.12,90
shikra1,shikra1/XC469384.ogg,39.528,15
barswa,barswa/XC817803.ogg,810.031,675
categr,categr/XC146066.ogg,42.292,15
rerswa1,rerswa1/XC383377.ogg,81.946,70
bkwsti,bkwsti/XC562869.ogg,23.536,15
bkwsti,bkwsti/XC845758.ogg,73.553,25
eurcoo,eurcoo/XC631410.ogg,10.135,0
zitcis1,zitcis1/XC821307.ogg,38.976,20
plapri1,plapri1/XC635555.ogg,10.704,5
grewar3,grewar3/XC181224.ogg,48.849,5
comros,comros/XC677730.ogg,119.066,15
mawthr1,mawthr1/XC215863.ogg,44.184,25
blrwar1,blrwar1/XC660158.ogg,1591.615,1335
rocpig,rocpig/XC446270.ogg,40.15,15
litegr,litegr/XC331548.ogg,302.968,20
blrwar1,blrwar1/XC192132.ogg,296.688,105
blrwar1,blrwar1/XC519731.ogg,157.466,25
eucdov,eucdov/XC309753.ogg,202.083,0
bkwsti,bkwsti/XC724944.ogg,42.448,35
brwowl1,brwowl1/XC531811.ogg,79.36,30
blrwar1,blrwar1/XC826043.ogg,2153.448,1245
comkin1,comkin1/XC586263.ogg,63.984,10
bkskit1,bkskit1/XC350261.ogg,12.173,10
laudov1,laudov1/XC558169.ogg,124.421,15
bcnher,bcnher/XC718092.ogg,77.348,0
blrwar1,blrwar1/XC660164.ogg,444.761,90
bkwsti,bkwsti/XC301626.ogg,714.188,655
brcful1,brcful1/XC349434.ogg,124.848,80
eucdov,eucdov/XC743744.ogg,233.136,110
barswa,barswa/XC589372.ogg,13.375,0
bkwsti,bkwsti/XC310429.ogg,221.832,5
comgre,comgre/XC602468.ogg,75.442,70
brnshr,brnshr/XC288279.ogg,178.521,140
comgre,comgre/XC266351.ogg,10.318,10
hoopoe,hoopoe/XC449201.ogg,219.716,60
whbwat1,whbwat1/XC687887.ogg,62.668,20
mawthr1,mawthr1/XC570892.ogg,144.797,80
gybpri1,gybpri1/XC41378.ogg,34.116,5
comkin1,comkin1/XC465069.ogg,301.009,215
brodro1,brodro1/XC504185.ogg,71.393,65
aspswi1,aspswi1/XC578478.ogg,108.747,70
commyn,commyn/XC520058.ogg,1370.906,280
litgre1,litgre1/XC368595.ogg,38.243,25
grywag,grywag/XC623472.ogg,72.489,65
barswa,barswa/XC584489.ogg,58.056,45
barswa,barswa/XC361226.ogg,122.88,50
grewar3,grewar3/XC580575.ogg,103.235,70
litegr,litegr/XC332727.ogg,483.344,190
blhori1,blhori1/XC73047.ogg,115.383,15
plapri1,plapri1/XC788005.ogg,72.28,15
litswi1,litswi1/XC253699.ogg,484.023,190
grewar3,grewar3/XC191632.ogg,32.627,5
hoopoe,hoopoe/XC659748.ogg,32.232,0
woosan,woosan/XC530489.ogg,35.813,25
rossta2,rossta2/XC459548.ogg,107.729,95
commyn,commyn/XC520058.ogg,1370.906,1215
greegr,greegr/XC161538.ogg,3.816,0
spodov,spodov/XC497557.ogg,72.882,15
houspa,houspa/XC527833.ogg,16.77,0
eucdov,eucdov/XC429410.ogg,54.073,25
putbab1,putbab1/XC667199.ogg,59.69,45
houspa,houspa/XC387938.ogg,385.202,95
eucdov,eucdov/XC316367.ogg,18.077,0
grewar3,grewar3/XC420894.ogg,62.877,60
hoopoe,hoopoe/XC647566.ogg,30.696,20
zitcis1,zitcis1/XC289346.ogg,54.073,0
zitcis1,zitcis1/XC720708.ogg,85.029,85
barswa,barswa/XC631965.ogg,107.651,95
hoopoe,hoopoe/XC327769.ogg,45.296,20
gyhcaf1,gyhcaf1/XC720384.ogg,130.176,15
bladro1,bladro1/XC840786.ogg,84.48,25
grbeat1,grbeat1/XC509475.ogg,36.36,30
revbul,revbul/XC573351.ogg,61.205,20
grtdro1,grtdro1/XC372567.ogg,103.008,15
brnshr,brnshr/XC458239.ogg,42.168,20
brnhao1,brnhao1/XC386076.ogg,41.587,40
brnhao1,brnhao1/XC237595.ogg,39.889,30
barfly1,barfly1/XC856365.ogg,289.776,120
spodov,spodov/XC785879.ogg,17.808,10
litspi1,litspi1/XC186547.ogg,72.333,45
brcful1,brcful1/XC400505.ogg,52.428,20
blrwar1,blrwar1/XC734815.ogg,75.744,60
litswi1,litswi1/XC659389.ogg,227.03,115
whtkin2,whtkin2/XC209212.ogg,47.491,25
litgre1,litgre1/XC448205.ogg,188.604,15
grewar3,grewar3/XC753208.ogg,185.376,50
grnsan,grnsan/XC746007.ogg,36.384,20
tibfly3,tibfly3/XC643739.ogg,93.727,20
lirplo,lirplo/XC732698.ogg,44.136,0
junowl1,junowl1/XC155374.ogg,182.736,95
lirplo,lirplo/XC484240.ogg,10.292,0
eaywag1,eaywag1/XC744751.ogg,16.968,0
gyhcaf1,gyhcaf1/XC293601.ogg,381.675,90
whbwat1,whbwat1/XC435909.ogg,18.36,15
blrwar1,blrwar1/XC660430.ogg,306.672,200
comros,comros/XC120952.ogg,50.991,15
barfly1,barfly1/XC856481.ogg,233.796,135
bkwsti,bkwsti/XC622358.ogg,33.024,20
zitcis1,zitcis1/XC722493.ogg,35.952,10
labcro1,labcro1/XC197814.ogg,9.24,0
litegr,litegr/XC333977.ogg,58.07,30
tibfly3,tibfly3/XC404482.ogg,100.754,45
brnhao1,brnhao1/XC608653.ogg,28.604,15
blrwar1,blrwar1/XC571560.ogg,1816.152,355
blrwar1,blrwar1/XC803898.ogg,39.027,30
houspa,houspa/XC326676.ogg,871.811,410
litspi1,litspi1/XC267076.ogg,11.256,5
grtdro1,grtdro1/XC158468.ogg,103.105,35
smamin1,smamin1/XC240366.ogg,16.875,15
commyn,commyn/XC546947.ogg,2156.208,1975
eucdov,eucdov/XC659769.ogg,137.328,0
cohcuc1,cohcuc1/XC552046.ogg,101.067,70
kenplo1,kenplo1/XC718495.ogg,107.88,20
blrwar1,blrwar1/XC826060.ogg,1963.968,515
houspa,houspa/XC380908.ogg,206.028,175
grywag,grywag/XC293410.ogg,22.23,10
houspa,houspa/XC500504.ogg,40.68,0
asikoe2,asikoe2/XC653834.ogg,45.949,20
thbwar1,thbwar1/XC478622.ogg,904.046,765
grecou1,grecou1/XC676987.ogg,43.824,0
comsan,comsan/XC755976.ogg,28.082,15
marsan,marsan/XC722950.ogg,27.384,5
pursun3,pursun3/XC646916.ogg,176.718,20
goflea1,goflea1/XC208794.ogg,100.807,80
rorpar,rorpar/XC856224.ogg,26.88,20
blrwar1,blrwar1/XC343189.ogg,923.638,245
houspa,houspa/XC603422.ogg,10.083,10
grewar3,grewar3/XC189947.ogg,189.231,70
comgre,comgre/XC524637.ogg,67.187,25
grehor1,grehor1/XC819734.ogg,18.233,10
grewar3,grewar3/XC140041.ogg,76.382,55
gybpri1,gybpri1/XC326854.ogg,57.652,15
crseag1,crseag1/XC700953.ogg,25.208,10
rewbul,rewbul/XC276805.ogg,50.4,40
malwoo1,malwoo1/XC237600.ogg,69.93,20
commoo3,commoo3/XC545156.ogg,6.687,5
houspa,houspa/XC786489.ogg,1381.903,1220
commyn,commyn/XC585480.ogg,2124.624,920
rewlap1,rewlap1/XC763923.ogg,23.256,20
grewar3,grewar3/XC375801.ogg,112.152,10
bkwsti,bkwsti/XC795773.ogg,25.586,25
grnwar1,grnwar1/XC741936.ogg,57.048,50
brcful1,brcful1/XC843810.ogg,44.88,25
blrwar1,blrwar1/XC826057.ogg,3866.016,555
grewar3,grewar3/XC656664.ogg,203.136,75
blrwar1,blrwar1/XC826766.ogg,5964.225,4305
eucdov,eucdov/XC811631.ogg,371.869,10
lirplo,lirplo/XC361570.ogg,169.404,150
nutman,nutman/XC217350.ogg,63.765,45
blrwar1,blrwar1/XC731008.ogg,116.349,25
barswa,barswa/XC320267.ogg,131.082,110
labcro1,labcro1/XC267642.ogg,43.52,35
eurcoo,eurcoo/XC542366.ogg,10.501,0
crseag1,crseag1/XC807425.ogg,90.958,25
blrwar1,blrwar1/XC572385.ogg,2245.272,440
lirplo,lirplo/XC726576.ogg,10.475,0
houspa,houspa/XC326667.ogg,870.609,665
eucdov,eucdov/XC657884.ogg,9.024,0
indpit1,indpit1/XC442328.ogg,55.85,55
whbwat1,whbwat1/XC447292.ogg,67.056,20
eucdov,eucdov/XC390247.ogg,15.464,15
comros,comros/XC372429.ogg,71.602,45
litgre1,litgre1/XC741696.ogg,30.192,30
blrwar1,blrwar1/XC732585.ogg,120.894,85
eucdov,eucdov/XC668870.ogg,1144.555,920
blrwar1,blrwar1/XC377804.ogg,273.816,255
commyn,commyn/XC116708.ogg,163.553,130
inbrob1,inbrob1/XC266069.ogg,36.989,30
grehor1,grehor1/XC423285.ogg,55.464,55
ashpri1,ashpri1/XC209228.ogg,60.624,35
putbab1,putbab1/XC607034.ogg,84.888,35
comior1,comior1/XC606356.ogg,59.689,35
brwowl1,brwowl1/XC355112.ogg,70.06,5
blrwar1,blrwar1/XC826766.ogg,5964.225,430
comtai1,comtai1/XC723472.ogg,4.248,0
grewar3,grewar3/XC249128.ogg,60.288,40
whiter2,whiter2/XC265269.ogg,715.964,115
bladro1,bladro1/XC441852.ogg,32.04,15
commoo3,commoo3/XC303948.ogg,62.903,15
commyn,commyn/XC607249.ogg,342.6,70
eurcoo,eurcoo/XC736564.ogg,66.194,35
lirplo,lirplo/XC809522.ogg,204.781,50
bkskit1,bkskit1/XC351391.ogg,92.604,5
blnmon1,blnmon1/XC741218.ogg,102.648,65
spoowl1,spoowl1/XC768277.ogg,77.613,45
commyn,commyn/XC546947.ogg,2156.208,1445
commyn,commyn/XC203339.ogg,56.372,15
blrwar1,blrwar1/XC657846.ogg,67.704,20
ashpri1,ashpri1/XC384390.ogg,178.181,20
hoopoe,hoopoe/XC741847.ogg,314.016,240
grywag,grywag/XC708221.ogg,60.264,45
laudov1,laudov1/XC288060.ogg,74.292,0
labcro1,labcro1/XC285048.ogg,58.514,15
purher1,purher1/XC710834.ogg,107.911,90
grywag,grywag/XC421778.ogg,192.912,20
graher1,graher1/XC580772.ogg,86.648,45
emedov2,emedov2/XC142451.ogg,85.056,20
comsan,comsan/XC142081.ogg,30.537,25
litswi1,litswi1/XC443708.ogg,53.304,45
grnsan,grnsan/XC697918.ogg,38.352,25
blrwar1,blrwar1/XC655340.ogg,95.869,10
rorpar,rorpar/XC542746.ogg,14.446,10
eurcoo,eurcoo/XC416491.ogg,63.713,40
dafbab1,dafbab1/XC188307.ogg,8.542,5
comtai1,comtai1/XC185447.ogg,55.327,10
indtit1,indtit1/XC209049.ogg,63.765,60
commyn,commyn/XC519640.ogg,2630.352,1000
ruftre2,ruftre2/XC359160.ogg,31.504,5
gargan,gargan/XC634916.ogg,14.263,5
comkin1,comkin1/XC460945.ogg,19.931,10
rewlap1,rewlap1/XC815135.ogg,55.872,55
brodro1,brodro1/XC769793.ogg,15.216,0
rewbul,rewbul/XC400904.ogg,216.072,115
maltro1,maltro1/XC786590.ogg,38.424,35
commyn,commyn/XC548866.ogg,4486.536,3785
litegr,litegr/XC359477.ogg,33.75,20
shikra1,shikra1/XC697077.ogg,43.075,10
bkwsti,bkwsti/XC584704.ogg,26.4,0
woosan,woosan/XC800004.ogg,38.196,15
brnhao1,brnhao1/XC171249.ogg,83.52,35
bkwsti,bkwsti/XC749446.ogg,85.728,20
bkwsti,bkwsti/XC365506.ogg,31.634,15
bkskit1,bkskit1/XC350347.ogg,96.052,35
blrwar1,blrwar1/XC826779.ogg,889.678,830
blrwar1,blrwar1/XC343189.ogg,923.638,320
comsan,comsan/XC484233.ogg,262.557,115
zitcis1,zitcis1/XC341131.ogg,124.891,85
houspa,houspa/XC565682.ogg,81.768,15
comros,comros/XC139003.ogg,67.971,20
blrwar1,blrwar1/XC826766.ogg,5964.225,2660
categr,categr/XC800987.ogg,46.315,0
commoo3,commoo3/XC545397.ogg,7.296,0
comgre,comgre/XC396618.ogg,18.913,0
comsan,comsan/XC722381.ogg,170.214,5
comros,comros/XC571443.ogg,228.806,90
revbul,revbul/XC573350.ogg,65.829,30
woosan,woosan/XC401915.ogg,52.2,15
bkwsti,bkwsti/XC310427.ogg,629.002,195
kenplo1,kenplo1/XC718547.ogg,9.912,0
grewar3,grewar3/XC478536.ogg,31.922,5
grywag,grywag/XC792879.ogg,43.259,10
brodro1,brodro1/XC424238.ogg,111.778,95
pursun4,pursun4/XC331240.ogg,6.269,5
litgre1,litgre1/XC717151.ogg,171.389,25
blrwar1,blrwar1/XC826060.ogg,1963.968,900
commyn,commyn/XC505882.ogg,58.827,50
ashwoo2,ashwoo2/XC399855.ogg,81.058,35
purher1,purher1/XC291832.ogg,91.063,40
blrwar1,blrwar1/XC660158.ogg,1591.615,785
houspa,houspa/XC326664.ogg,871.079,635
zitcis1,zitcis1/XC422082.ogg,15.456,0
bkwsti,bkwsti/XC796482.ogg,65.232,60
bkwsti,bkwsti/XC550012.ogg,11.86,10
hoopoe,hoopoe/XC625440.ogg,574.968,70
purher1,purher1/XC710834.ogg,107.911,35
comkin1,comkin1/XC412190.ogg,107.912,35
eaywag1,eaywag1/XC145239.ogg,110.376,70
comros,comros/XC405220.ogg,25.234,0
spodov,spodov/XC134201.ogg,17.398,10
bladro1,bladro1/XC572945.ogg,310.857,80
grewar3,grewar3/XC290121.ogg,36.415,0
labcro1,labcro1/XC388539.ogg,222.407,5
asikoe2,asikoe2/XC756440.ogg,83.16,70
grnsan,grnsan/XC715322.ogg,11.102,5
rerswa1,rerswa1/XC701891.ogg,107.912,95
lirplo,lirplo/XC341977.ogg,11.592,10
comsan,comsan/XC663488.ogg,14.341,0
grewar3,grewar3/XC182937.ogg,123.0,35
ruftre2,ruftre2/XC653112.ogg,19.931,10
whcbar1,whcbar1/XC402328.ogg,18.416,15
ashdro1,ashdro1/XC37741.ogg,62.354,50
blrwar1,blrwar1/XC571226.ogg,302.315,20
commyn,commyn/XC519640.ogg,2630.352,1575
woosan,woosan/XC857970.ogg,16.811,10
eaywag1,eaywag1/XC679942.ogg,22.176,0
blrwar1,blrwar1/XC826057.ogg,3866.016,1455
comkin1,comkin1/XC434131.ogg,43.546,40
woosan,woosan/XC187197.ogg,53.551,30
labcro1,labcro1/XC523445.ogg,119.52,25
litgre1,litgre1/XC553461.ogg,37.277,30
grewar3,grewar3/XC630521.ogg,40.202,40
grewar3,grewar3/XC347400.ogg,27.576,20
eaywag1,eaywag1/XC640612.ogg,97.728,60
spepic1,spepic1/XC460097.ogg,359.976,165
blnmon1,blnmon1/XC179439.ogg,69.564,65
putbab1,putbab1/XC210540.ogg,13.349,5
grewar3,grewar3/XC138775.ogg,140.094,105
bcnher,bcnher/XC802108.ogg,54.689,30
rorpar,rorpar/XC780901.ogg,103.418,70
putbab1,putbab1/XC338219.ogg,25.339,10
blakit1,blakit1/XC330330.ogg,146.521,55
eaywag1,eaywag1/XC481360.ogg,151.944,65
labcro1,labcro1/XC579948.ogg,56.528,55
eurcoo,eurcoo/XC579945.ogg,79.44,65
piekin1,piekin1/XC615840.ogg,92.108,40
comros,comros/XC833883.ogg,327.6,130
blrwar1,blrwar1/XC371867.ogg,289.056,220
graher1,graher1/XC287857.ogg,26.256,15
comtai1,comtai1/XC341034.ogg,92.264,90
bcnher,bcnher/XC672567.ogg,22.883,5
rorpar,rorpar/XC288738.ogg,60.526,10
blrwar1,blrwar1/XC757938.ogg,244.715,235
forwag1,forwag1/XC737331.ogg,38.616,20
brnshr,brnshr/XC458256.ogg,88.56,25
ruftre2,ruftre2/XC743747.ogg,265.482,185
graher1,graher1/XC649642.ogg,63.686,40
wemhar1,wemhar1/XC795174.ogg,30.047,20
blakit1,blakit1/XC493733.ogg,67.683,10
whbwat1,whbwat1/XC442851.ogg,15.36,5
mawthr1,mawthr1/XC324014.ogg,30.981,15
comgre,comgre/XC663214.ogg,454.632,220
commoo3,commoo3/XC567627.ogg,247.249,125
commyn,commyn/XC548866.ogg,4486.536,135
blrwar1,blrwar1/XC566732.ogg,68.205,15
commoo3,commoo3/XC787876.ogg,86.146,85
commoo3,commoo3/XC542445.ogg,25.536,15
bkwsti,bkwsti/XC817818.ogg,20.611,0
comkin1,comkin1/XC598313.ogg,14.64,5
stbkin1,stbkin1/XC671715.ogg,15.673,15
copbar1,copbar1/XC456318.ogg,67.056,15
grewar3,grewar3/XC560564.ogg,23.092,10
houspa,houspa/XC443100.ogg,81.888,5
ashpri1,ashpri1/XC441384.ogg,56.398,20
blrwar1,blrwar1/XC660164.ogg,444.761,135
pursun4,pursun4/XC362058.ogg,50.808,15
maghor2,maghor2/XC113461.ogg,129.75,105
grewar3,grewar3/XC560115.ogg,337.476,195
grtdro1,grtdro1/XC684829.ogg,83.208,65
blakit1,blakit1/XC495361.ogg,249.051,25
rocpig,rocpig/XC74354.ogg,12.173,5
houcro1,houcro1/XC532303.ogg,30.276,25
eucdov,eucdov/XC701044.ogg,53.864,25
cregos1,cregos1/XC398719.ogg,75.102,45
forwag1,forwag1/XC838777.ogg,102.0,5
houspa,houspa/XC380908.ogg,206.028,140
putbab1,putbab1/XC465689.ogg,70.224,5
litspi1,litspi1/XC619541.ogg,58.697,35
comgre,comgre/XC804943.ogg,515.256,490
brnhao1,brnhao1/XC503420.ogg,56.163,30
vefnut1,vefnut1/XC289785.ogg,10.24,5
eaywag1,eaywag1/XC145109.ogg,36.049,25
grnsan,grnsan/XC701432.ogg,123.272,10
labcro1,labcro1/XC359290.ogg,87.092,0
whbwag1,whbwag1/XC575105.ogg,40.594,30
whtkin2,whtkin2/XC169565.ogg,97.254,40
labcro1,labcro1/XC803821.ogg,177.264,140
eurcoo,eurcoo/XC302637.ogg,206.785,200
pursun4,pursun4/XC652006.ogg,8.072,5
whiter2,whiter2/XC293454.ogg,56.581,15
commyn,commyn/XC519640.ogg,2630.352,1475
labcro1,labcro1/XC702121.ogg,56.738,30
rerswa1,rerswa1/XC753896.ogg,4.754,0
labcro1,labcro1/XC470232.ogg,46.237,0
bcnher,bcnher/XC241679.ogg,164.989,120
litegr,litegr/XC683061.ogg,25.536,5
brnshr,brnshr/XC237395.ogg,103.654,55
grewar3,grewar3/XC659659.ogg,30.746,20
bkskit1,bkskit1/XC196089.ogg,57.678,5
blrwar1,blrwar1/XC563496.ogg,293.538,35
gybpri1,gybpri1/XC184999.ogg,22.368,15
lblwar1,lblwar1/XC265873.ogg,15.438,15
mawthr1,mawthr1/XC507439.ogg,47.736,25
blakit1,blakit1/XC129825.ogg,30.048,25
rerswa1,rerswa1/XC278775.ogg,12.251,5
compea,compea/XC567971.ogg,8.907,5
comior1,comior1/XC779685.ogg,28.108,20
whbsho3,whbsho3/XC856488.ogg,300.042,270
houspa,houspa/XC167597.ogg,116.715,55
rewbul,rewbul/XC131476.ogg,222.528,25
purher1,purher1/XC643918.ogg,21.048,10
wemhar1,wemhar1/XC552446.ogg,167.836,145
oripip1,oripip1/XC124380.ogg,70.661,70
eurcoo,eurcoo/XC246618.ogg,13.872,5
comtai1,comtai1/XC834668.ogg,224.544,100
redspu1,redspu1/XC668357.ogg,17.293,15
bladro1,bladro1/XC814830.ogg,169.728,30
whbwoo2,whbwoo2/XC797317.ogg,25.392,5
rocpig,rocpig/XC539061.ogg,38.74,0
blrwar1,blrwar1/XC575407.ogg,123.768,20
comros,comros/XC120452.ogg,38.164,20
blrwar1,blrwar1/XC479136.ogg,131.579,125
ashwoo2,ashwoo2/XC803329.ogg,158.952,80
labcro1,labcro1/XC663927.ogg,50.26,50
rewbul,rewbul/XC198624.ogg,103.654,45
eaywag1,eaywag1/XC675510.ogg,39.888,15
mawthr1,mawthr1/XC490499.ogg,30.589,15
hoopoe,hoopoe/XC804620.ogg,120.529,0
woosan,woosan/XC266302.ogg,26.018,15
eurcoo,eurcoo/XC737655.ogg,37.277,10
rorpar,rorpar/XC209169.ogg,14.994,0
bladro1,bladro1/XC331740.ogg,73.221,70
bkwsti,bkwsti/XC661222.ogg,7.992,0
hoopoe,hoopoe/XC308879.ogg,287.347,270
gloibi,gloibi/XC417662.ogg,17.345,5
asbfly,asbfly/XC305518.ogg,118.805,15
bkskit1,bkskit1/XC433769.ogg,245.264,145
tibfly3,tibfly3/XC795412.ogg,23.976,20
comros,comros/XC457664.ogg,129.576,125
brnshr,brnshr/XC288279.ogg,178.521,10
comros,comros/XC264060.ogg,144.379,0
thbwar1,thbwar1/XC340012.ogg,98.403,95
blrwar1,blrwar1/XC185455.ogg,108.878,105
blrwar1,blrwar1/XC343189.ogg,923.638,225
blhori1,blhori1/XC357157.ogg,34.612,25
blrwar1,blrwar1/XC660157.ogg,1446.087,665
blrwar1,blrwar1/XC319596.ogg,645.878,190
moipig1,moipig1/XC236493.ogg,79.02,35
barswa,barswa/XC821504.ogg,183.709,85
eucdov,eucdov/XC631469.ogg,101.929,5
moipig1,moipig1/XC215864.ogg,101.736,65
houcro1,houcro1/XC208879.ogg,45.349,15
whiter2,whiter2/XC680271.ogg,19.043,5
blrwar1,blrwar1/XC809449.ogg,490.657,395
rossta2,rossta2/XC417464.ogg,323.787,25
houspa,houspa/XC780889.ogg,51.617,45
zitcis1,zitcis1/XC341142.ogg,494.785,350
comgre,comgre/XC793020.ogg,10.176,5
blrwar1,blrwar1/XC572385.ogg,2245.272,980
blrwar1,blrwar1/XC826043.ogg,2153.448,1860
grywag,grywag/XC507311.ogg,21.96,15
rorpar,rorpar/XC797448.ogg,49.11,15
houspa,houspa/XC215043.ogg,40.656,15
houspa,houspa/XC443452.ogg,30.746,30
inbrob1,inbrob1/XC646897.ogg,31.687,20
cregos1,cregos1/XC840802.ogg,1019.507,600
eurcoo,eurcoo/XC459718.ogg,184.189,175
whiter2,whiter2/XC770351.ogg,94.92,55
rewbul,rewbul/XC855229.ogg,157.674,75
hoopoe,hoopoe/XC423759.ogg,58.984,25
litegr,litegr/XC333943.ogg,91.507,65
rewbul,rewbul/XC649548.ogg,31.504,0
blrwar1,blrwar1/XC569385.ogg,1144.944,460
ashpri1,ashpri1/XC442336.ogg,35.232,5
commoo3,commoo3/XC747059.ogg,59.429,20
blnmon1,blnmon1/XC345151.ogg,10.397,0
rorpar,rorpar/XC403959.ogg,28.317,0
categr,categr/XC297698.ogg,624.327,335
gybpri1,gybpri1/XC547181.ogg,48.3,5
grefla1,grefla1/XC256237.ogg,21.629,20
whiter2,whiter2/XC307305.ogg,15.168,0
eucdov,eucdov/XC580520.ogg,31.272,5
blrwar1,blrwar1/XC657910.ogg,88.32,45
blrwar1,blrwar1/XC654181.ogg,407.496,160
thbwar1,thbwar1/XC266176.ogg,316.447,20
brakit1,brakit1/XC685003.ogg,24.294,10
purher1,purher1/XC276851.ogg,17.006,0
houspa,houspa/XC641185.ogg,232.542,220
wbbfly1,wbbfly1/XC574736.ogg,25.13,0
commyn,commyn/XC548866.ogg,4486.536,1645
grewar3,grewar3/XC611643.ogg,50.965,50
blrwar1,blrwar1/XC568493.ogg,998.452,340
woosan,woosan/XC652326.ogg,323.016,200
commyn,commyn/XC546947.ogg,2156.208,375
grecou1,grecou1/XC147634.ogg,94.536,25
blrwar1,blrwar1/XC563156.ogg,96.026,30
blrwar1,blrwar1/XC826057.ogg,3866.016,2610
putbab1,putbab1/XC595425.ogg,59.506,0
eucdov,eucdov/XC817420.ogg,24.294,15
brnhao1,brnhao1/XC775185.ogg,184.215,35
comkin1,comkin1/XC467794.ogg,17.928,10
indrob1,indrob1/XC741506.ogg,64.2,40
blrwar1,blrwar1/XC654475.ogg,422.28,180
eurcoo,eurcoo/XC356393.ogg,11.784,10
blrwar1,blrwar1/XC826057.ogg,3866.016,45
bkwsti,bkwsti/XC792964.ogg,16.571,10
gybpri1,gybpri1/XC362825.ogg,52.01,5
blrwar1,blrwar1/XC570489.ogg,290.736,195
thbwar1,thbwar1/XC485018.ogg,152.544,125
grewar3,grewar3/XC574994.ogg,1380.806,1350
wemhar1,wemhar1/XC821964.ogg,42.0,10
thbwar1,thbwar1/XC305513.ogg,76.251,60
comros,comros/XC653133.ogg,79.488,35
grbeat1,grbeat1/XC621030.ogg,37.851,20
paisto1,paisto1/XC787801.ogg,39.915,30
eucdov,eucdov/XC381881.ogg,52.95,20
sqtbul1,sqtbul1/XC761906.ogg,51.792,45
lblwar1,lblwar1/XC756620.ogg,78.48,10
rorpar,rorpar/XC359425.ogg,64.47,20
ruftre2,ruftre2/XC346251.ogg,31.06,20
bcnher,bcnher/XC663531.ogg,665.664,415
spodov,spodov/XC434919.ogg,61.44,30
categr,categr/XC740802.ogg,40.045,20
comior1,comior1/XC394245.ogg,239.856,25
nutman,nutman/XC665306.ogg,38.348,0
bkwsti,bkwsti/XC184421.ogg,70.008,10
cohcuc1,cohcuc1/XC140254.ogg,25.128,20
gargan,gargan/XC710595.ogg,21.812,0
houspa,houspa/XC454444.ogg,67.152,45
whbwat1,whbwat1/XC150449.ogg,78.84,60
whtkin2,whtkin2/XC720544.ogg,107.075,75
commyn,commyn/XC548866.ogg,4486.536,1530
hoopoe,hoopoe/XC570623.ogg,311.04,135
thbwar1,thbwar1/XC786973.ogg,121.574,80
houspa,houspa/XC440680.ogg,53.447,0
blrwar1,blrwar1/XC826787.ogg,4670.642,3840
comros,comros/XC455906.ogg,21.144,5
blrwar1,blrwar1/XC135393.ogg,39.811,5
barswa,barswa/XC624441.ogg,17.267,15
zitcis1,zitcis1/XC821860.ogg,20.509,0
whtkin2,whtkin2/XC578792.ogg,65.808,55
bkwsti,bkwsti/XC184419.ogg,68.963,40
graher1,graher1/XC496723.ogg,274.808,220
grewar3,grewar3/XC372847.ogg,125.928,60
mawthr1,mawthr1/XC396111.ogg,72.312,65
barswa,barswa/XC370354.ogg,155.4,130
comros,comros/XC255336.ogg,54.021,30
gyhcaf1,gyhcaf1/XC149870.ogg,30.616,30
comkin1,comkin1/XC313958.ogg,487.728,15
blrwar1,blrwar1/XC826766.ogg,5964.225,4345
rewlap1,rewlap1/XC573515.ogg,95.164,10
comsan,comsan/XC492978.ogg,20.928,5
grewar3,grewar3/XC182382.ogg,49.293,20
grefla1,grefla1/XC619759.ogg,49.058,20
plapri1,plapri1/XC788005.ogg,72.28,40
grewar3,grewar3/XC808604.ogg,79.412,40
barswa,barswa/XC790601.ogg,100.272,15
insbab1,insbab1/XC529860.ogg,68.075,45
hoopoe,hoopoe/XC809234.ogg,96.0,25
eaywag1,eaywag1/XC437968.ogg,154.88,110
commyn,commyn/XC585480.ogg,2124.624,1205
blrwar1,blrwar1/XC656266.ogg,42.888,10
labcro1,labcro1/XC37775.ogg,44.931,35
eurcoo,eurcoo/XC651962.ogg,22.073,15
greegr,greegr/XC681080.ogg,28.08,15
bcnher,bcnher/XC476112.ogg,166.321,35
woosan,woosan/XC744448.ogg,34.848,0
inbrob1,inbrob1/XC312134.ogg,204.774,65
barswa,barswa/XC651993.ogg,11.232,10
commyn,commyn/XC571185.ogg,99.631,10
whiter2,whiter2/XC265270.ogg,556.434,50
whrmun,whrmun/XC399209.ogg,16.718,15
rewlap1,rewlap1/XC577353.ogg,22.936,15
gybpri1,gybpri1/XC740171.ogg,64.056,40
lblwar1,lblwar1/XC453491.ogg,30.955,20
rerswa1,rerswa1/XC193697.ogg,16.296,10
eaywag1,eaywag1/XC675721.ogg,129.28,65
compea,compea/XC507743.ogg,150.674,100
litegr,litegr/XC412569.ogg,36.336,5
